RazaoSocial;UF;TotalDespesas;MediaDespesasPorTrimestre;DesvioPadraoDespesas;QtdTrimestres
BRADESCO SAÃDE S.A.;RJ;6434450097073.0;2144816699024.33;746359149886.88;3
UNIMED DE CIANORTE - COOPERATIVA DE TRABALHO MEDICO;PR;4279879321409.0;1426626440469.67;930677586.2;3
AMIL ASSISTÃNCIA MÃDICA INTERNACIONAL S.A.;SP;3684287606219.0;1228095868739.67;531640351526.19;3
SUL AMERICA COMPANHIA DE SEGURO SAÃDE;RJ;3399520408850.0;1133173469616.67;619520926142.15;3
NOTRE DAME INTERMÃDICA SAÃDE S.A.;SP;1655331712088.0;551777237362.67;248540548811.05;3
UNIMED FRANCISCO BELTRAO COOPERATIVA DE TRABALHO MEDICO;PR;1526028597434.0;508676199144.67;220464670120.01;3
UNIMED NACIONAL - COOPERATIVA CENTRAL;SP;1252547355396.0;417515785132.0;182856714398.33;3
HAPVIDA ASSISTENCIA MEDICA S.A.;CE;1224079834090.0;408026611363.33;238058487388.49;3
CAIXA DE ASSISTÃNCIA DOS FUNCIONÃRIOS DO BANCO DO BRASIL;DF;1215473897173.0;405157965724.33;174366175710.07;3
PORTO SEGURO - SEGURO SAÃDE S/A;SP;854403780492.0;284801260164.0;170294844372.51;3
BRADESCO SAÃDE - OPERADORA DE PLANOS  S/A;SP;812128883225.0;270709627741.67;163665964585.21;3
PREVENT SENIOR PRIVATE OPERADORA DE SAÃDE LTDA;SP;769175394485.0;256391798161.67;141486028165.35;3
UNIMED SEGUROS SAÃDE S/A;SP;712585109226.0;237528369742.0;75858458707.66;3
SUL AMÃRICA PARANÃ CLÃNICAS SERVIÃOS DE SAÃDE S.A.;SP;652734319855.0;217578106618.33;149598711806.91;3
GEAP AUTOGESTÃO EM SAÃDE;DF;524368328070.0;174789442690.0;65500118695.21;3
UNIMED BELO HORIZONTE COOPERATIVA DE TRABALHO MÃDICO;MG;518739114046.0;172913038015.33;78849740408.67;3
ASSOCIAÃÃO PETROBRAS DE SAÃDE - APS;RJ;463276647242.0;154425549080.67;77900500268.78;3
UNIMED PORTO ALEGRE - COOPERATIVA MÃDICA LTDA.;RS;362869897373.0;120956632457.67;50949467611.16;3
OMINT SERVIÃOS DE SAÃDE S.A.;SP;358546945369.0;119515648456.33;53192158068.22;3
POSTAL SAÃDE CAIXA DE ASSISTÃNCIA E SAÃDE DOS EMPREGADOS DOS CORREIOS;DF;338474453594.0;112824817864.67;48132211052.36;3
CARE PLUS MEDICINA ASSISTENCIAL LTDA.;SP;322904255566.0;107634751855.33;48628797540.04;3
FUNDAÃÃO SAÃDE ITAÃ;MG;309001435483.0;103000478494.33;51388919247.65;3
UNIMED CURITIBA - SOCIEDADE COOPERATIVA DE MÃDICOS;PR;307500653401.0;102500217800.33;33670615448.97;3
SERV  SOCIAL AUTÃNOMO DE ASSIST Ã SAÃDE DOS SERV PÃBLICOS E MILITARES DE GOIÃS;GO;306037071042.0;153018535521.0;32225181539.0;2
UNIMED DO ESTADO DE SÃO PAULO - FEDERAÃÃO ESTADUAL DAS COOP. MÃDICAS;SP;293304241290.0;97768080430.0;42195565841.43;3
UNIMED DE FORTALEZA SOCIEDADE COOPERATIVA MÃDICA LTDA.;CE;287571428776.0;95857142925.33;40114966639.85;3
UNIMED CAMPINAS - COOPERATIVA DE TRABALHO MÃDICO;SP;282345119178.0;94115039726.0;39994481807.54;3
GRUPO HOSPITALAR DO RIO DE JANEIRO LTDA;RJ;269419163993.0;89806387997.67;24909799965.8;3
FUNDAÃÃO CESP;SP;267632792214.0;89210930738.0;39272038675.26;3
UNIMED DO EST. DO RJ FEDERAÃÃO EST. DAS COOPERATIVAS MÃDICAS;RJ;232614553958.0;77538184652.67;35348043235.68;3
SAMEDIL SERVIÃOS DE ATENDIMENTO MÃDICO S/A;ES;227502874303.0;75834291434.33;34808293664.78;3
MEDISERVICE OPERADORA DE PLANOS DE SAÃDE S.A.;SP;227385040306.0;75795013435.33;33760068502.52;3
FUNDAÃÃO ASSISTENCIAL DOS SERVIDORES DO MINISTÃRIO DA FAZENDA;DF;223990665870.0;74663555290.0;29868825747.0;3
CAIXA BENEFICENTE DOS FUNCIONARIOS DO BANCO DO ESTADO DE SÃO PAULO;SP;200329210116.0;66776403372.0;31334242584.63;3
UNIMED VITORIA COOPERATIVA DE TRABALHO MEDICO;ES;195061202091.0;65020400697.0;28927858884.0;3
UNIMED RECIFE COOPERATIVA DE TRABALHO MÃDICO;PE;183722186405.0;61240728801.67;26575143179.73;3
UNIMED GRANDE FLORIANÃPOLIS-COOPERATIVA DE TRABALHO MEDICO;SC;175124397612.0;58374799204.0;29776983386.03;3
NOTRE DAME INTERMÃDICA MINAS GERAIS SAÃDE S.A.;CE;173855919743.0;57951973247.67;24728960554.28;3
UNIMED GOIANIA COOPERATIVA DE TRABALHO MÃDICO;GO;148944859524.0;49648286508.0;20107008529.28;3
UNIMED DO ESTADO DO PARANÃ FEDERAÃÃO ESTADUAL DAS COOPERATIVAS MÃDICAS;PR;141751168107.0;47250389369.0;22268789551.44;3
CAIXA DE ASSISTENCIA DOS SERVIDORES DO ESTADO DE MATO GROSSO DO SUL;MS;139759965150.0;46586655050.0;20310376896.06;3
SANTA HELENA ASSISTÃNCIA MÃDICA S/A.;SP;136194322500.0;45398107500.0;19456481225.57;3
HUMANA SAÃDE NORDESTE LTDA.;PI;133020511382.0;44340170460.67;19327842974.16;3
ODONTOPREV S/A;SP;131259390615.0;43753130205.0;18933365265.19;3
UNIMED SOROCABA COOPERATIVA DE TRABALHO MÃDICO;SP;123140470230.0;41046823410.0;17911802835.49;3
UNIMED SAO JOSÃ DO RIO PRETO - COOP. DE TRABALHO MÃDICO;SP;122342952619.0;40780984206.33;24210677721.64;3
GAMA SAUDE LTDA.;SP;122199338109.0;40733112703.0;15062760860.7;3
SAMP ESPIRITO SANTO ASSISTENCIA MEDICA SA;ES;118572805056.0;39524268352.0;15023578467.5;3
CLINIPAM CLINICA PARANAENSE DE ASSISTENCIA MEDICA LTDA;CE;117767281340.0;39255760446.67;19332814180.74;3
CENTRO TRASMONTANO DE SAO PAULO;SP;116894139533.0;38964713177.67;16340472983.04;3
UNIMED DO ESTADO DE SANTA CATARINA FED. EST. DAS COOP. MÃD.;SC;112527385855.0;37509128618.33;16082856851.29;3
UNIMED SERRA GAUCHA/RS COOPERATIVA DE ASSISTENCIA A SAUDE LTDA;RS;109901252250.0;36633750750.0;16020185009.71;3
UNIMED-SÃO GONÃALO - NITERÃI - SOC.COOP.SERV.MED E HOSP LTDA;RJ;107234461743.0;35744820581.0;18558874485.36;3
UNIMED DE JOINVILLE COOPERATIVA DE TRABALHO MÃDICO;SC;105309835459.0;35103278486.33;14912949787.59;3
UNIMED DE LONDRINA COOPERATIVA DE TRABALHO MÃDICO;PR;101847618232.0;33949206077.33;13174751005.61;3
UNIMED REGIONAL MARINGÃ COOP.DE TRABALHO MÃDICO;PR;101308147595.0;33769382531.67;14617175009.44;3
FUNDAÃÃO SÃO FRANCISCO XAVIER;MG;100589230735.0;33529743578.33;9379856553.6;3
ASSOCIAÃÃO DE BENEFICÃNCIA E FILANTROPIA SÃO CRISTOVÃO;SP;100144310937.0;33381436979.0;13943259450.57;3
CAIXA DE ASSISTÃNCIA DOS FUNCIONÃRIOS DO BANCO DO NORDESTE DO BRASIL;CE;98990487349.0;32996829116.33;16356788553.84;3
UNIMED LITORAL COOPERATIVA DE TRABALHO MÃDICO LTDA;SC;95947473974.0;31982491324.67;11099655226.18;3
UNIMED CAMPO GRANDE MS COOPERATIVA DE TRABALHO MÃDICO;MS;93894265122.0;31298088374.0;14317513829.11;3
UNIMED CUIABA COOPERATIVA DE TRABALHO MÃDICO;MT;93738107683.0;31246035894.33;12479212395.57;3
UNIMED DE BAURU COOPERATIVA DE TRABALHO MÃDICO;SP;92502122526.0;30834040842.0;10608980461.22;3
UNIMED BELÃM COOPERATIVA DE TRABALHO MÃDICO;PA;91671351760.0;30557117253.33;13460397675.9;3
UNIMED BLUMENAU - COOPERATIVA DE TRABALHO MEDICO;SC;91150624768.0;30383541589.33;15405773428.12;3
SINDIFISCO NACIONAL - SINDICATO NACIONAL DOS AUDITORES-FISCAIS DA RECEITA FEDERAL DO BRASIL;DF;89319928604.0;29773309534.67;12644424512.46;3
UNIMED UBERLÃNDIA COOPERATIVA REGIONAL TRABALHO MÃDICO LTDA;MG;87769987013.0;29256662337.67;13258001031.14;3
UNIMED DE RIBEIRAO PRETO - COOPERATIVA DE TRABALHO MÃDICO;SP;86442565659.0;28814188553.0;12694504117.13;3
UNIMED SAO JOSE DOS CAMPOS - COOPERATIVA DE TRABALHO MEDICO;SP;83649746545.0;27883248848.33;13237440094.88;3
UNIMED DE PIRACICABA SOCIEDADE COOPERATIVA DE SERVIÃOS MÃDICOS;SP;82884718287.0;27628239429.0;11700729761.27;3
UNIMED JUIZ DE FORA COOPERATIVA DE TRABALHO MÃDICO LTDA;MG;78402578865.0;26134192955.0;13098506825.08;3
REAL GRANDEZA - FUNDAÃÃO DE PREVIDÃNCIA E ASSISTÃNCIA SOCIAL;RJ;77130343117.0;25710114372.33;11409247890.55;3
PASA - PLANO DE ASSISTENCIA A SAUDE DO APOSENTADO DA VALE;RJ;76643129528.0;25547709842.67;10527358701.28;3
PLANO HOSPITAL SAMARITANO LTDA;SP;75562564039.0;25187521346.33;10500200521.32;3
ASSOCIAÃÃO SANTA CASA SAÃDE DE SÃO JOSÃ DOS CAMPOS;SP;74952200706.0;24984066902.0;14779034676.47;3
UNIMED DE MACAÃ COOPERATIVA DE ASSISTÃNCIA Ã SAÃDE;RJ;74179674758.0;24726558252.67;11842507471.33;3
UNIMED VALE DO SINOS - COOPERATIVA DE ASSISTÃNCIA Ã SAÃDE LTDA;RS;70282663178.0;23427554392.67;11080754215.94;3
UNIMED DE VOLTA REDONDA COOPERATIVA DE TRABALHO MÃDICO;RJ;69230266126.0;23076755375.33;10074398142.23;3
UNIMED DE SANTOS COOP DE TRAB MEDICO;SP;66950424293.0;22316808097.67;8787019995.17;3
UNIMED - COOPERATIVA DE SERVIÃOS DE SAÃDE DOS VALES DO TAQUARI E RIO PARDO LTDA.;RS;66348616502.0;22116205500.67;8924176898.89;3
UNIMED NATAL SOC. COOP. DE TRAB. MÃDICO;RN;65782356977.0;21927452325.67;11492829069.91;3
UNIMED MACEIO COOPERATIVA DE TRABALHO MÃDICO;AL;64002647303.0;21334215767.67;9227987263.0;3
FUNDAÃÃO COPEL DE PREVIDÃNCIA E ASSISTÃNCIA SOCIAL;PR;63754997908.0;21251665969.33;9169099014.98;3
UNIMED DE SANTA BÃRBARA D'OESTE E AMERICANA - COOP DE TRABALHO MÃDICO;SP;63687570744.0;21229190248.0;8479548927.13;3
CENTRO CLÃNICO GAÃCHO LTDA;CE;61298607329.0;20432869109.67;8853209658.87;3
ECONOMUS INSTITUTO DE SEGURIDADE SOCIAL;SP;60342013779.0;20114004593.0;8967159187.26;3
LEVE SAUDE OPERADORA DE PLANOS DE SAUDE S.A;RJ;59360001184.0;19786667061.33;9257915062.3;3
SAMEL PLANO DE SAÃDE LTDA;AM;57607057251.0;19202352417.0;8229920368.79;3
ALICE OPERADORA LTDA.;SP;57395039125.0;19131679708.33;9686470147.44;3
COOPERATIVA CENTRAL UNIMED DE COOPERATIVAS DE ASSISTÃNCIA Ã SAÃDE DO RIO GRANDE DO SUL LTDA.;RS;56612651016.0;18870883672.0;8336097424.12;3
CEMIG SAÃDE;MG;56306412290.0;18768804096.67;10209437866.66;3
ASSOCIAÃÃO SANTA SAÃDE;SP;56064187851.0;18688062617.0;8082753093.09;3
HUMANA SAÃDE LTDA.;PR;54793976798.0;18264658932.67;6216170155.74;3
SOBAM CENTRO MÃDICO HOSPITALAR S.A.;SP;53266597408.0;17755532469.33;8334438510.15;3
UNIMED SÃO CARLOS - COOPERATIVA DE TRABALHO MÃDICO;SP;52512462505.0;17504154168.33;8628491649.97;3
UNIMED UBERABA COOPERATIVA DE TRABALHO MEDICO LTDA.;MG;51889258315.0;17296419438.33;7904373679.61;3
BENSAUDE PLANO DE ASSISTENCIA MEDICA HOSPITALAR LTDA.;SP;51511417167.0;17170472389.0;7129165765.36;3
FUNDAÃÃO CHESF DE ASSISTÃNCIA E SEGURIDADE SOCIAL;PE;51386197334.0;17128732444.67;8113364697.5;3
UNIMED DE ARARAQUARA - COOP. DE TRAB. MÃDICO;SP;51142622195.0;17047540731.67;7501199736.64;3
ASSOCIAÃÃO DE SAÃDE PORTUGUESA DE BENEFICÃNCIA;SP;50448205578.0;16816068526.0;7207338422.72;3
DOCTOR CLIN OPERADORA DE PLANOS DE SAÃDE LTDA.;RS;50443264470.0;16814421490.0;11011300521.36;3
ITAUSEG SAÃDE S.A.;SP;50008793385.0;16669597795.0;6885361660.92;3
INSTITUTO CURITIBA DE SAÃDE;PR;49973879682.0;16657959894.0;14420894392.52;3
UNIMED CHAPECÃ - COOPERATIVA DE TRABALHO MÃDICO DA REGIÃO OESTE CATARINENSE;SC;49567381620.0;16522460540.0;5511550886.19;3
QUALLITY PRÃ SAÃDE PLANO DE ASSISTÃNCIA MÃDICA LTDA.;DF;49066543809.0;16355514603.0;5056565679.81;3
UNIMED DE CASCAVEL COOPERATIVA DE TRABALHO MÃDICO;PR;47452310343.0;15817436781.0;7422609366.2;3
AMPLA PLANOS DE SAUDE LTDA;RJ;47428190532.0;23714095266.0;5449004873.0;2
UNIMED SERGIPE - COOPERATIVA DE TRABALHO MÃDICO;SE;47059215974.0;15686405324.67;6970032190.17;3
UNIMED FRANCA - SOCIEDADE COOPERATIVA DE SERVIÃOS MÃDICOS E HOSPITALARES;SP;46957711133.0;15652570377.67;6801765307.18;3
UNIMED NOVA FRIBURGO-SOC.COOP.SERV.MED.HOSP.LTDA.;RJ;46500857286.0;15500285762.0;6169050984.76;3
UNIMED DE CRICIÃMA COOPERATIVA DE TRABALHO MÃDICO DA REGIÃO CARBONÃFERA;SC;46465268089.0;15488422696.33;7398200924.12;3
ALVORECER - ASSOCIAÃÃO DE SOCORROS MÃTUOS;SP;46448387921.0;15482795973.67;6382002539.26;3
ASSOCIAÃÃO DE ASSISTÃNCIA Ã SAÃDE DOS EMPREGADOS DA COPASA;MG;46231027758.0;15410342586.0;6652686833.62;3
UNIMED PONTA GROSSA COOPERATIVA DE TRABALHO MEDICO;PR;46061255617.0;15353751872.33;7539635860.12;3
H.B. SAÃDE S/A.;SP;45437441039.0;15145813679.67;8720502136.01;3
UNIMED PORTO VELHO - SOCIEDADE COOPERATIVA MÃDICA LTDA;RO;44992091238.0;14997363746.0;6449646143.93;3
SERVIÃO SOCIAL DA INDÃSTRIA DO PAPEL, PAPELÃO E CORTIÃA DO ESTADO DE SÃO PAULO - SEPACO;SP;44797811439.0;14932603813.0;6538277406.99;3
PROMÃDICA - PROTEÃÃO MEDICA A EMPRESAS S.A.;BA;42247057451.0;14082352483.67;6357881427.58;3
UNIMED CARUARU-COOPERATIVA DE TRABALHO MEDICO;PE;41814996540.0;13938332180.0;7879874022.66;3
UNIMED DE ARACATUBA - COOPERATIVA DE TRABALHO MÃDICO;SP;41782956292.0;13927652097.33;5947146481.06;3
INTEGRA ASSISTENCIA MEDICA SA;SP;41645571172.0;13881857057.33;4559360373.29;3
2CARE OPERADORA DE SAÃDE LTDA.;SP;41100761985.0;13700253995.0;5922107780.37;3
UNIMED SUL CAPIXABA COOPERATIVA DE TRABALHO MÃDICO;ES;40986784745.0;13662261581.67;7745651853.41;3
CIRCULO OPERARIO CAXIENSE;RS;40864395017.0;13621465005.67;5464843079.12;3
BIOVIDA SAÃDE LTDA.;SP;39846048234.0;13282016078.0;5700297234.39;3
UNIMED VALE DO SÃO FRANCISCO COOPERATIVA DE TRABALHO MÃDICO;PE;39588082492.0;13196027497.33;4638667239.71;3
METRUS INSTITUTO DE SEGURIDADE SOCIAL;SP;39034033416.0;13011344472.0;10464659338.76;3
UNIMED DO CEARÃ - FEDERAÃÃO DAS SOCIEDADES COOPERATIVAS MÃDICAS DO ESTADO DO CEARÃ LTDA.;CE;38711018139.0;12903672713.0;5648644524.97;3
ASSOCIAÃÃO DR. BARTHOLOMEU TACCHINI;RS;38407977099.0;12802659033.0;5925570926.77;3
KLINI PLANOS DE SAÃDE LTDA;RJ;37442349723.0;12480783241.0;5812591668.78;3
PLANO DE SAÃDE ANA COSTA LTDA.;SP;37425880491.0;12475293497.0;7160252763.73;3
UNIMED PLANALTO MÃDIO/RS - COOPERATIVA DE ASSISTÃNCIA Ã SAÃDE LTDA.;RS;36791274873.0;12263758291.0;5269775989.72;3
UNIMED DE PRESIDENTE PRUDENTE COOPERATIVA DE TRAB. MÃDICO;SP;36632064640.0;12210688213.33;5033431877.56;3
CAIXA DE ASSISTÃNCIA Ã SAÃDE - CABERJ;RJ;36214016039.0;12071338679.67;3878605113.78;3
UNIMED DIVINOPOLIS - COOPERATIVA DE TRABALHO MEDICO LTDA;MG;36206977215.0;12068992405.0;6549583181.53;3
NOSSA SAÃDE - OPERADORA PLANOS PRIVADOS DE ASSISTÃNCIA  Ã SAÃDE LTDA.;PR;36185367038.0;12061789012.67;5544771084.2;3
ASSOCIAÃÃO ASSISTENCIAL DE SAÃDE SUPLEMENTAR CRUZ AZUL SAÃDE;SP;35498647053.0;11832882351.0;4581901463.3;3
UNIMED JUNDIAI - COOPERATIVA DE TRABALHO MÃDICO;SP;35443697374.0;11814565791.33;3705898508.06;3
ASSOCIAÃÃO EVANGELICA BENEFICENTE DE LONDRINA;PR;33743022154.0;11247674051.33;5720909186.08;3
UNIMED DE GUARULHOS COOPERATIVA DE TRABALHO MÃDICO;SP;33247588895.0;11082529631.67;5940444312.46;3
AUSTACLINICAS ASSISTÃNCIA MÃDICA E HOSPITALAR LTDA;SP;33074880579.0;11024960193.0;4468992982.14;3
ASSOCIACAO DOS AUDITORES FISCAIS DA RECEITA ESTADUAL DE SAO PAULO;SP;33073636706.0;11024545568.67;5556803349.3;3
UNIMED TERESINA - COOPERATIVA DE TRABALHO MÃDICO;PI;32722186143.0;10907395381.0;4961637648.9;3
LIV LINHAS INTELIGENTES DE ATENÃÃO Ã VIDA S/A;SP;32469357463.0;10823119154.33;4556300522.9;3
UNIMED RONDONOPOLIS COOPERATIVA DE TRABALHO MÃDICO LTDA;MT;32317576447.0;10772525482.33;5792205470.1;3
PLENA SAÃDE S.A.;SP;32276335326.0;10758778442.0;4833586430.99;3
FUNDAÃÃO CELESC DE SEGURIDADE SOCIAL - CELOS;SC;31915816729.0;10638605576.33;4077338679.92;3
UNIMED DE LIMEIRA COOPERATIVA DE TRABALHO MÃDICO;SP;31835788225.0;10611929408.33;4677798449.89;3
UNIMED DE TUBARAO - COOPERATIVA DE TRABALHO MEDICO DA REGIAO DA AMUREL;SC;31402777851.0;10467592617.0;3477360533.07;3
UNIMED DE CAMPOS COOPERATIVA DE TRABALHO MÃDICO;RJ;31037720409.0;10345906803.0;3911575429.52;3
CAIXA DE ASSISTÃNCIA DOS EMPREGADOS DA EMPRESA BRASILEIRA DE PESQUISA  AGROPECUÃRIA;DF;30961368500.0;10320456166.67;5976262439.07;3
S.P.A SAUDE- SISTEMA DE PROMOÃÃO ASSISTENCIAL;SP;30713224492.0;10237741497.33;5861530969.01;3
FUNDAÃÃO SANEPAR DE ASSISTÃNCIA SOCIAL;PR;30512936586.0;10170978862.0;4064339038.7;3
CAIXA DE PREVIDÃNCIA E ASSISTÃNCIA DOS SERVIDORES DA FUNDAÃÃO NACIONAL DE SAÃDE - CAPESESP;RJ;30327137883.0;10109045961.0;6046668130.39;3
UNIMED SALTO/ITU - COOPERATIVA MÃDICA;SP;30149780134.0;10049926711.33;4609218795.87;3
CAIXA DE ASSISTÃNCIA DOS EMPREGADOS DO BANCO DO ESTADO DO RIO GRANDE DO SUL;RS;30061181562.0;10020393854.0;4501267125.03;3
LUMINAR SAÃDE - ASSOCIAÃÃO DE ASSISTÃNCIA Ã SAÃDE;DF;29947537009.0;9982512336.33;3709257739.62;3
PROASA SAÃDE;DF;29925126024.0;9975042008.0;7042170892.41;3
UNIMED AMPARO COOPERATIVA DE TRABALHO MÃDICO;SP;29599100873.0;9866366957.67;3705239377.8;3
UNIMED JOAO PESSOA - COOPERATIVA DE TRABALHO MÃDICO;PB;29498357885.0;9832785961.67;3588468832.03;3
SAUDE PAS - MEDICINA E ODONTO;RS;28617298383.0;9539099461.0;4065611141.23;3
UNIMED REGIONAL JAU - COOPERATIVA DE TRABALHO MÃDICO;SP;28449390595.0;9483130198.33;3433102088.68;3
UNIMED DE MARILIA COOPERATIVA DE TRABALHO MÃDICO;SP;28417495632.0;9472498544.0;3852120766.87;3
UNIMED ANHANGUERA COOPERATIVA DE TRABALHO MÃDICO;SP;27962985680.0;9320995226.67;4453053091.16;3
UNIMED COSTA OESTE - COOPERATIVA DE TRABALHO MÃDICO;PR;27874922161.0;9291640720.33;4791561184.12;3
ABERTTA SAÃDE - ASSOCIAÃÃO BENEFICENTE DOS EMPREGADOS DA ARCELORMITTAL NO BRASIL;MG;27831223530.0;9277074510.0;2939703163.44;3
UNIMED PELOTAS/RS - COOPERATIVA DE ASSISTÃNCIA Ã SAÃDE LTDA.;RS;27465826066.0;9155275355.33;4622574139.23;3
PLANO DE SAÃDE DA SANTA CASA DE BRAGANÃA PAULISTA;SP;27322244462.0;9107414820.67;3771580728.71;3
UNIMED CENTRO OESTE PAULISTA - FEDERAÃÃO INTRAFEDERATIVA DAS COOPERATIVAS MÃDICAS;SP;26919060430.0;8973020143.33;2514058838.22;3
UNIMED DE BOTUCATU COOPERATIVA DE TRABALHO MÃDICO;SP;26839269745.0;8946423248.33;4627723230.82;3
UNIMED NORTE DO MATO GROSSO COOPERATIVA DE TRABALHO MÃDICO;MT;26795577397.0;8931859132.33;3703643790.57;3
UNIMED DE DOURADOS COOPERATIVA DE TRABALHO MÃDICO LTDA;MS;26696506813.0;8898835604.33;4730567292.26;3
UNIÃO MÃDICA PLANOS DE SAÃDE S/A;BA;26127078574.0;8709026191.33;3214442980.52;3
UNIMED DE OURINHOS - COOPERATIVA DE TRABALHO MÃDICO;SP;25942103478.0;8647367826.0;3906238896.22;3
CABERJ INTEGRAL SAÃDE S.A;RJ;25514356186.0;8504785395.33;3679591888.41;3
SÃO LUCAS SAÃDE S/A;SP;25276007513.0;8425335837.67;4618522428.95;3
UNIMED NORDESTE PAULISTA - FED. INTRAFEDERATIVA DAS COOP. MÃDICAS;SP;25165594862.0;8388531620.67;4014316293.15;3
UNIMED NOROESTE CAPIXABA COOPERATIVA DE TRABALHO MÃDICO.;ES;24452020542.0;8150673514.0;3425275739.7;3
POLICLIN SAÃDE S/A.;SP;24359487387.0;8119829129.0;3436570748.99;3
SAÃDE BRB - CAIXA DE ASSISTÃNCIA;DF;24048315524.0;8016105174.67;3674622380.47;3
UNIMED GOVERNADOR VALADARES COOP. DE TRABALHO MÃDICO LTDA.;MG;23819784659.0;7939928219.67;3295879184.41;3
LIFE EMPRESARIAL SAÃDE LTDA.;SP;23802640408.0;7934213469.33;2322156168.53;3
SANTA CASA DE MISERICÃRDIA DE JUIZ DE FORA;MG;23793384481.0;7931128160.33;3291221990.35;3
UNIMED SANTA MARIA/RS - COOPERATIVA DE ASSISTÃNCIA Ã SAÃDE LTDA;RS;23760552174.0;7920184058.0;2257490592.15;3
UNIMED REGIONAL DA BAIXA MOGIANA - COOPERATIVA DE TRABALHO MÃDICO;SP;23593069924.0;7864356641.33;3499233491.89;3
UNIMED PALMAS COOPERATIVA DE TRABALHO MÃDICO;TO;23445564327.0;7815188109.0;3240258201.26;3
ASSOCIAÃÃO FCA SAÃDE;MG;23395030090.0;7798343363.33;3534252405.14;3
SERMED-SAÃDE LTDA.;SP;23288040088.0;7762680029.33;2034181440.03;3
UNIMED DE BEBEDOURO COOPERATIVA DE TRABALHO MÃDICO;SP;23147607330.0;7715869110.0;3533992926.34;3
UNIHOSP SAÃDE LTDA;SP;22826562757.0;7608854252.33;3575356566.61;3
SIM - CAIXA DE ASSISTÃNCIA Ã SAÃDE;SC;22405080940.0;7468360313.33;3278650858.65;3
IRMANDADE DA SANTA CASA DE MISERICÃRDIA DE PIRACICABA;SP;22133972881.0;7377990960.33;2347750269.89;3
CAIXA DE ASSISTENCIA A SAUDE DA UNIVERSIDADE;MG;22116664936.0;7372221645.33;3258779497.66;3
UNIMED PATOS DE MINAS COOPERATIVA TRABALHO MÃDICO LTDA.;MG;21875349754.0;7291783251.33;3938027392.22;3
FUNDAÃÃO FIAT SAÃDE E BEM ESTAR;MG;21863866549.0;7287955516.33;4599710344.09;3
UNIMED VALE DO CAÃ/RS - COOPERATIVA DE ASSISTÃNCIA Ã SAÃDE LTDA.;RS;21615010213.0;7205003404.33;3491277131.66;3
UNIMED VARGINHA COOPERATIVA DE TRABALHO MÃDICO;MG;21480402451.0;7160134150.33;2514239192.84;3
UNIMED NOROESTE/RS - SOCIEDADE COOPERATIVA DE ASSISTÃNCIA Ã SAÃDE LTDA.;RS;21383431243.0;7127810414.33;2851489933.87;3
UNIMED VALE DO SEPOTUBA - COOPERATIVA DE TRABALHO MÃDICO;MT;21360891255.0;7120297085.0;3856572670.82;3
ELOSAÃDE - ASSOCIAÃÃO DE ASSISTÃNCIA Ã SAÃDE;SC;21337924396.0;7112641465.33;2978991481.67;3
OPERADORA UNIESTE DE PLANOS DE SAÃDE LTDA;RJ;21328761681.0;7109587227.0;2510197157.01;3
UNIMED ARARUAMA COOPERATIVA DE TRABALHO MÃDICO LTDA;RJ;21022010793.0;7007336931.0;3488139553.18;3
BENEFICENCIA CAMILIANA DO SUL;SP;20819446751.0;10409723375.5;3951345209.5;2
ASSOCIAÃÃO ADVENTISTA NORTE BRASILEIRA DE PREVENÃÃO E ASSISTÃNCIA A SAÃDE;PA;20794524066.0;6931508022.0;2800079613.85;3
UNIMED REGIONAL DE CAMPO MOURÃO COOP TRAB MEDICO;PR;20683148857.0;6894382952.33;3973411615.66;3
ASSOCIAÃÃO SÃO FRANCISCO VIDA;SP;20524437369.0;6841479123.0;3478457310.88;3
UNIMED RIO VERDE COOPERATIVA TRABALHO MEDICO;GO;20504779405.0;6834926468.33;1872434152.01;3
UNIMED DE CATANDUVA - COOPERATIVA DE TRABALHO MÃDICO;SP;20427815130.0;6809271710.0;2865044856.15;3
ASSOCIAÃÃO DA SANTA CASA SAÃDE DE RIBEIRÃO PRETO;SP;20172495694.0;6724165231.33;2772852634.76;3
HBC SAÃDE LTDA.;SP;19828837263.0;6609612421.0;2844490571.43;3
COOPERATIVA DE TRABALHO MÃDICO DE POUSO ALEGRE;MG;19816254569.0;6605418189.67;2803782345.77;3
UNIMED DO SUDOESTE COOPERATIVA DE TRABALHO MEDICO LTDA;BA;19803024092.0;6601008030.67;2384466336.74;3
UNIMED DE PINDAMONHANGABA - COOPERATIVA TRABALHO MEDICO;SP;19780395244.0;6593465081.33;2905097939.23;3
UNIMED ANÃPOLIS COOPERATIVA DE TRABALHO MÃDICO.;GO;19775269813.0;6591756604.33;2887407119.97;3
UNIMED ARAXÃ COOPERATIVA DE TRABALHO MÃDICO LTDA.;MG;19619145495.0;6539715165.0;2934263385.16;3
FUNDAÃÃO AFFEMG DE ASSISTÃNCIA E SAÃDE - FUNDAFFEMG;MG;19572907559.0;6524302519.67;2307514308.35;3
IRMANDADE SANTA CASA DE MISERICÃRDIA DE MARINGÃ;PR;19086553235.0;6362184411.67;3793774058.94;3
UNIMED GUARAPUAVA COOPERATIVA DE TRABALHO MÃDICO;PR;18347037062.0;6115679020.67;2883506809.42;3
UNIMED MISSÃES/RS - COOPERATIVA DE ASSISTÃNCIA Ã SAÃDE LTDA.;RS;18053949386.0;6017983128.67;2644223752.48;3
CAIXA ASSISTENCIAL E BENEFICENTE DOS FUNCIONÃRIOS DA ACARESC;SC;17924640796.0;5974880265.33;2444185817.23;3
CAIXA DE ASSISTÃNCIA OSWALDO CRUZ;RJ;17760681426.0;5920227142.0;2393717957.63;3
UNIMED RESENDE COOPERATIVA DE TRABALHO MÃDICO;RJ;17432621254.0;5810873751.33;2919757503.94;3
SELECT OPERADORA DE PLANO DE SAUDE LTDA;GO;17297599521.0;5765866507.0;3976886948.45;3
ASSOCIAÃÃO DOS SERVIDORES FISCAIS DO ESTADO DA BAHIA;BA;17283473740.0;5761157913.33;2548758301.16;3
UNIMED DE RIO CLARO SP COOPERATIVA DE TRABALHO MEDICO;SP;17180105832.0;5726701944.0;2526812769.63;3
AMESC - ASSOCIAÃÃO MÃDICA ESPÃRITA CRISTÃ;RJ;17124458764.0;5708152921.33;2202398421.82;3
FUNDAÃÃO DE SAÃDE ITAIGUAPY;PR;17002972882.0;5667657627.33;2549052923.95;3
UNIMED DE BRUSQUE COOPERATIVA DE TRABALHO MÃDICO;SC;16860853915.0;5620284638.33;1530567343.55;3
IRMANDADE DA SANTA CASA DE MISERICÃRDIA DE RIO CLARO;SP;16793107461.0;5597702487.0;3186813550.97;3
CAIXA DE ASSISTÃNCIA DOS SERVIDORES FAZENDÃRIOS ESTADUAIS;CE;16710848468.0;5570282822.67;2289348779.66;3
UNIMED DE ASSIS COOPERATIVA DE TRABALHO MÃDICO;SP;16544810979.0;5514936993.0;2254120199.43;3
UNIMED DE PARANAGUÃ COOPERATIVA DE TRABALHO MÃDICO;PR;16484246893.0;5494748964.33;2400649356.7;3
UNIMED LESTE PAULISTA COOPERATIVA DE TRABALHO MÃDICO;SP;16481244230.0;5493748076.67;2614407729.28;3
ASSOCIAÃÃO PADRE ALBINO SAÃDE;SP;16173383045.0;5391127681.67;2994014194.25;3
UNIMED DE SÃO ROQUE - COOPERATIVA DE TRABALHO MÃDICO;SP;16081515427.0;5360505142.33;2662732844.14;3
CAIXA DE ASSISTÃNCIA DOS EMPREGADOS DA SANEAGO;GO;15738282788.0;5246094262.67;2207370560.0;3
UNIMED MARANHÃO DO SUL - COOPERATIVA DE TRABALHO MÃDICO;MA;15645117297.0;5215039099.0;2501719637.15;3
CENTRO HOSPITALAR ATIBAIA LTDA.;SP;15492692505.0;5164230835.0;3493851829.91;3
FUNDAÃÃO DE SEGURIDADE SOCIAL DA ARCELORMITTAL BRASIL - FUNSSEST;ES;15438427706.0;5146142568.67;1860341948.86;3
UNIMED RIO BRANCO COOPERATIVA DE TRABALHO MEDICO LTDA;AC;15086638790.0;5028879596.67;2876314257.9;3
UNIMED ENCOSTA DA SERRA/RS SOCIEDADE COOPERATIVA DE SERVIÃOS DE SAÃDE LTDA.;RS;15011517222.0;5003839074.0;1955552991.91;3
UNIMED LITORAL SUL/RS - COOPERATIVA DE ASSISTÃNCIA Ã SAÃDE LTDA.;RS;14982295722.0;4994098574.0;2429677699.21;3
UNIMED NORTE FLUMINENSE COOPERATIVA DE TRABALHO MEDICO;RJ;14956195538.0;4985398512.67;2570582071.2;3
UNIMED CURVELO COOPERATIVA DE TRABALHO MÃDICO LTDA.;MG;14907083088.0;4969027696.0;2516719640.61;3
UNIMED CENTRO RONDÃNIA COOPERATIVA DE TRABALHO MÃDICO;RO;14820236852.0;4940078950.67;2259589746.48;3
UNIMED DE CAÃAPAVA - COOPERATIVA DE TRABALHO MEDICO;SP;14811226469.0;4937075489.67;2226211604.56;3
METLIFE PLANOS ODONTOLÃGICOS LTDA.;SP;14810653203.0;4936884401.0;2084185742.92;3
SANTA CASA DE MAUÃ SAÃDE;SP;14753190001.0;4917730000.33;2128051789.0;3
UNIMED POÃOS DE CALDAS - SOC. COOP. DE TRAB. E SERVIÃOS MÃDICOS;MG;14715165911.0;4905055303.67;2085357272.58;3
UNIMED CABO FRIO COOPERATIVA TRABALHO MÃDICO LTDA.;RJ;14666062258.0;4888687419.33;2091645593.24;3
UNIMED REGIONAL DE TRES LAGOAS COOPERATIVA DE TRABALHO MÃDICO;MS;14665532798.0;4888510932.67;2292070844.7;3
OPERADORA UNICENTRAL DE PLANOS DE SAÃDE LTDA.;SP;14594599065.0;4864866355.0;1669418199.71;3
UNIMED DE LORENA COOPERATIVA DE TRABALHO MÃDICO;SP;14569789902.0;4856596634.0;2045742313.5;3
CAIXA DE ASSISTÃNCIA Ã SAÃDE DOS SERVIDORES PÃBLICOS DO ESTADO DO MATO GROSSO DO SUL;MS;14494685964.0;4831561988.0;2224324769.1;3
OESTE SAÃDE ASSISTÃNCIA A SAÃDE SUPLEMENTAR S.A;SP;14360691315.0;4786897105.0;2805295416.82;3
UNIMED DO CARIRI - SOCIEDADE COOPERATIVA MÃDICA LTDA;CE;14250012193.0;4750004064.33;2054000244.71;3
ASSISTÃNCIA MÃDICA SÃO MIGUEL LTDA;SP;14201408389.0;4733802796.33;2090509564.28;3
SAMI ASSISTÃNCIA MÃDICA LTDA;SP;14157789737.0;4719263245.67;1891164016.19;3
UNIMED DE LENÃOIS PAULISTA - COOPERATIVA DE TRABALHO MÃDICO;SP;13973209255.0;4657736418.33;2182134377.01;3
UNIMED MEIO OESTE CATARINENSE COOPERATIVA DE TRABALHO MÃDICO;SC;13902029604.0;4634009868.0;1441790924.03;3
UNIMED ALTO VALE - COOPERATIVA DE TRABALHO MÃDICO;SC;13840715404.0;4613571801.33;2040485543.86;3
UNIMED SAÃDE E ODONTO S.A;SP;13803396454.0;4601132151.33;2072161205.18;3
SAÃDE SANTA TEREZA LTDA.;SP;13778726366.0;4592908788.67;2667279434.17;3
ELETROS SAÃDE - ASSOCIAÃÃO DE ASSISTÃNCIA Ã SAÃDE;RJ;13665700909.0;4555233636.33;1898829827.63;3
CAIXA DE ASSISTÃNCIA DOS EMPREGADOS DO SISTEMA FINANCEIRO BANESTES;ES;13585980852.0;4528660284.0;1905716399.58;3
UNIMED DE PARANAVAÃ COOPERATIVA DE TRABALHO MÃDICO;PR;13490839355.0;4496946451.67;1778325290.47;3
UNIMED PETROPOLIS-RJ COOPERATIVA DE TRABALHO MÃDICO;RJ;13411286706.0;4470428902.0;1828348339.32;3
UNIMED NORTE CAPIXABA- COOPERATIVA DE TRABALHO MÃDICO;ES;13340408610.0;4446802870.0;1954636216.33;3
ASSOCIAÃÃO DE ASSISTÃNCIA Ã SAÃDE DA AMAGIS;MG;13255835010.0;4418611670.0;1965098310.3;3
UNIMED CONSELHEIRO LAFAIETE COOPERATIVA DE TRABALHO MÃDICO LTDA;MG;13202618632.0;4400872877.33;1578208333.28;3
GARANTIA DE SAÃDE LTDA;SP;13174309456.0;4391436485.33;1807396179.44;3
VIVACOM PLANOS DE SAÃDE;GO;13128555138.0;4376185046.0;1791663049.78;3
UNIMED EXTREMO SUL COOPERATIVA DE TRABALHO MÃDICO;BA;13048559274.0;4349519758.0;1514514223.19;3
ESMALE ASSISTENCIA INTERNACIONAL DE SAUDE LTDA.;AL;13038998932.0;4346332977.33;1789236259.78;3
UNIMED NOVA IGUACU COOPERATIVA DE TRABALHO MEDICO;RJ;12989221476.0;4329740492.0;2350148642.63;3
UNIMED METROPOLITANA DO AGRESTE - COOPERATIVA DE TRABALHO MÃDICO;AL;12733511454.0;4244503818.0;1796535094.12;3
UNIMED DE CATALÃO COOPERATIVA DE TRABALHO MÃDICO;GO;12700537719.0;4233512573.0;1717636593.97;3
IRMANDADE DA SANTA CASA DE MISERICORDIA DE LIMEIRA;SP;12541832281.0;4180610760.33;2202991296.53;3
GOCARE PLANOS DE SAUDE LTDA;SP;12312347550.0;4104115850.0;1589542421.57;3
ASSOCIAÃÃO DE SAÃDE DO VALE;SC;12236273843.0;4078757947.67;1913306802.19;3
PLADISA PLANOS DE SAÃDE SA;SC;12182337657.0;4060779219.0;1708995843.69;3
UNIMED CAMPINA GRANDE - COOPERATIVA DE TRABALHO MEDICO LTDA;PB;12152982389.0;4050994129.67;2354986402.29;3
PLAMED PLANO DE ASSISTENCIA MEDICA LTDA;SE;12117168729.0;4039056243.0;1754228982.9;3
UNIMED CENTRO SUL FLUMINENSE COOPERATIVA DE TRABALHO MÃDICO;RJ;12105324518.0;4035108172.67;2139594028.24;3
MED-TOUR ADMINISTRADORA DE BENEFÃCIOS E EMPREENDIMENTOS LTDA.;SP;12004986178.0;4001662059.33;2318478375.4;3
UNIMED PATO BRANCO SOCIEDADE COOPERATIVA DE MÃDICOS;PR;11840802624.0;3946934208.0;1700250979.2;3
MATÃO CLINICAS & AMHMA SAÃDE LTDA;SP;11820646299.0;3940215433.0;1676364115.66;3
UNIMED DE JABOTICABAL COOP. DE TRABALHO MÃDICO;SP;11779544154.0;3926514718.0;1972669474.47;3
ASSOCIAÃÃO SANTA CASA SAÃDE DE ARAÃATUBA;SP;11743704059.0;3914568019.67;2526989023.56;3
UNIMED CENTRO PAULISTA - FEDERAÃÃO INTRAFEDERATIVA DAS COOPERATIVAS MÃDICAS;SP;11716919372.0;3905639790.67;1643085515.98;3
UNIMED COSTA DO DESCOBRIMENTO COOPERATIVA DE TRABALHO MÃDICO;BA;11710133298.0;3903377766.0;1605319956.29;3
AMHE MED ASSISTENCIA A SAUDE LTDA - EPP;SP;11693080014.0;3897693338.0;2345577845.79;3
PRONTOMED PLANOS DE SAÃDE LTDA;MG;11585065409.0;3861688469.67;1669142790.09;3
COOPERATIVA DE TRABALHO MEDICO REGIÃO DO PLANALTO SERRANO;SC;11476952911.0;3825650970.33;1892841004.66;3
ASSOCIAÃÃO POLICIAL DE ASSISTÃNCIA Ã SAÃDE;SP;11462018511.0;3820672837.0;1776588030.21;3
SUL AMÃRICA ODONTOLÃGICO S/A;SP;11409761424.0;3803253808.0;1673325948.15;3
TEMPO MED PLANO DE SAUDE LTDA;SC;11363900539.0;3787966846.33;1967820918.54;3
CAIXA ASSISTENCIAL UNIVERSITÃRIA DO RIO GRANDE DO NORTE;RN;11342291434.0;3780763811.33;1629616000.23;3
CAIXA DE ASSISTÃNCIA Ã SAUDE DOS EMPREGADOS DA CODEVASF - CASEC;DF;11322939150.0;3774313050.0;1372014137.54;3
ASSOCIAÃÃO BENEFICENTE DE ASSISTÃNCIA A SAÃDE DOS JUÃZES DO TRABALHO DA 15Âª REGIÃO (ABAS 15);SP;11248667351.0;3749555783.67;1581478626.31;3
ASSOCIAÃAO DOS FUNCIONARIOS PUBLICOS DO ESTADO DO RIO GRANDE DO SUL;RS;11238596544.0;3746198848.0;1032504699.34;3
UNIMED PARÃ DE MINAS COOPERATIVA DE TRABALHO MÃDICO LTDA.;MG;11153677812.0;3717892604.0;1512343526.43;3
ASSOCIAÃÃO DE SAÃDE DOS FORNECEDORES DE CANA DE PIRACICABA E REGIÃO;SP;11137611387.0;3712537129.0;1714386349.91;3
UNIMED DE LINS - COOPERATIVA DE TRABALHOS MÃDICOS;SP;11119417918.0;3706472639.33;1055504881.49;3
UNIMED OESTE DO PARANA - COOPERATIVA DE TRABALHO MEDICO;PR;11109810236.0;3703270078.67;1621213252.72;3
UNIMED NORTE PIONEIRO - COOPERATIVA DE TRABALHO MÃDICO;PR;11005985792.0;3668661930.67;1608364990.02;3
VITA ASSISTÃNCIA A SAÃDE LTDA.;MG;11002516093.0;3667505364.33;2577917040.48;3
AGROS - INSTITUTO UFV DE SEGURIDADE SOCIAL;MG;10915642580.0;3638547526.67;2857355359.79;3
UNIMED EXTREMO OESTE CATARINENSE COOPERATIVA DE TRABALHO MÃDICO;SC;10879750705.0;3626583568.33;1106782407.35;3
UNIMED SUL PAULISTA - COOPERATIVA DE TRABALHO MÃDICO;SP;10726645863.0;3575548621.0;1423652623.01;3
UNIMED INCONFIDENTES COOPERATIVA DE TRABALHO MÃDICO LTDA.;MG;10718635395.0;3572878465.0;1397405581.83;3
SÃO DOMINGOS SAÃDE- ASSISTÃNCIA MÃDICA  LTDA;SP;10711779684.0;3570593228.0;1629158882.97;3
UNIMED TEOFILO OTONI COOPERATIVA DE TRABALHO MÃDICO;MG;10668540623.0;3556180207.67;1642995797.48;3
CAIXA DE ASSISTÃNCIA Ã SAÃDE DO SINDICATO DOS FUNCIONÃRIOS INTEGRANTES DO GRUPO OCUPACIONAL ADMINISTRAÃÃO TRIBUTÃRIA DO ESTADO DE PERNAMBUCO;PE;10625518537.0;3541839512.33;1575937754.11;3
SANTA CASA DE MISERICORDIA DE SAO JOAQUIM DA BARRA;SP;10535498100.0;3511832700.0;1532662679.16;3
AMHA SAUDE S/A;SP;10456293076.0;3485431025.33;1418350616.98;3
UNIMED BARRA DO GARÃAS - COOPERATIVA DE TRABALHO MÃDICO;MT;10429600843.0;3476533614.33;1531281656.7;3
UNIMED PATROCÃNIO COOPERATIVA DE TRABALHO MÃDICO LTDA.;MG;10410336599.0;3470112199.67;1674659896.49;3
UNIMED DE BARRA MANSA SOC. COOP. SERV.MED.E HOSPIT.;RJ;10393113859.0;3464371286.33;2078353714.02;3
ASSOCIAÃÃO MINEIRA DE ASSISTÃNCIA Ã SAÃDE DOS MEMBROS DO MINISTÃRIO PÃBLICO;MG;10305433797.0;3435144599.0;1379002007.21;3
CENTRAL REGIONAL DAS COOPERATIVAS MÃDICAS - UNIMED CERRADO;GO;10026183195.0;3342061065.0;1852355909.89;3
HOSPITAIS E CLÃNICAS DO PIAUÃ S/S LTDA;PI;9876288569.0;3292096189.67;1565442063.58;3
ASSOCIAÃÃO DE ASSISTÃNCIA MÃDICO HOSPITALAR DOS MAGISTRADOS DO ESTADO DO PARANÃ;PR;9873426118.0;3291142039.33;1309424757.57;3
SÃO FRANCISCO ASSISTÃNCIA MÃDICA LTDA;PE;9779133403.0;3259711134.33;1399579696.19;3
NOVA SAÃDE OPERADORA INTEGRADA DE SAÃDE LTDA;RJ;9758615313.0;3252871771.0;2962283992.1;3
ASSOCIAÃÃO SAÃDE SÃO JOSÃ;SC;9757184681.0;3252394893.67;1410238297.43;3
UNIMED ALTA MOGIANA COOPERATIVA DE TRABALHO MÃDICO;SP;9596855887.0;3198951962.33;1380984984.96;3
UNIMED OS BANDEIRANTES COOPERATIVA DE TRABALHO MÃDICO;SP;9577358415.0;3192452805.0;1319558508.52;3
UNIMED MONTES CLAROS COOPERATIVA DE  TRABALHO MÃDICO LTDA.;MG;9548475669.0;3182825223.0;990195674.54;3
AMEPLAN ASSISTÃNCIA MÃDICA PLANEJADA LTDA;SP;9515982600.0;3171994200.0;1712276872.7;3
BEST SENIOR OPERADORA DE SAÃDE LTDA;ES;9436890220.0;3145630073.33;2224785026.36;3
PARANA ASSISTENCIA MEDICA LTDA;PR;9414958074.0;3138319358.0;955449832.39;3
UNIMED ITABIRA COOPERATIVA DE TRABALHO MÃDICO;MG;9369072576.0;3123024192.0;1353679977.59;3
ASSOCIAÃÃO MAIS SAÃDE SANTA CASA DE SÃO JOÃO DA BOA VISTA;SP;9318767972.0;3106255990.67;1378192558.3;3
UNIMED APUCARANA COOPERATIVA DE TRABALHO MÃDICO;PR;9313492406.0;3104497468.67;1343546064.36;3
UNIMED JOÃO MONLEVADE COOPERATIVA DE TRABALHO MÃDICO LTDA.;MG;9224373311.0;3074791103.67;1164795540.62;3
ASSOCIAÃÃO POLICIAL DE ASSISTÃNCIA Ã SAÃDE DE BAURU;SP;9176670382.0;3058890127.33;1323230065.68;3
ASSOCIAÃÃO SÃO LUIZ SAÃDE;SP;9106685900.0;3035561966.67;1170446192.41;3
CAIXA DE ASSISTÃNCIA SISTEMA SAÃDE INTEGRAL-SSI SAUDE;RS;9053908403.0;3017969467.67;1394213145.89;3
ASSOCIAÃÃO DO PLANO DE SAÃDE DA SANTA CASA DE MISERICÃRDIA DE ITABUNA - PLANSUL;BA;9052568524.0;3017522841.33;1713401866.65;3
UNIMED DE TATUI - COOPERATIVA DE TRABALHO MÃDICO;SP;9023088055.0;3007696018.33;1269837081.3;3
FUNDACAO LEONOR DE BARROS CAMARGO;SP;9017592649.0;3005864216.33;967695234.01;3
ÃNICA ASSISTENCIA MEDICA LTDA;SP;9003586585.0;3001195528.33;1339650365.96;3
UNIMED SÃO JOÃO DEL REI - COOPERATIVA DE TRABALHO MÃDICO;MG;8997964314.0;2999321438.0;1298607072.09;3
SULMED - ASSISTÃNCIA MÃDICA LTDA;RS;8927640237.0;2975880079.0;2604464613.03;3
UNIMED FRONTEIRA NOROESTE/RS - COOPERATIVA DE ASSISTÃNCIA Ã SAÃDE LTDA.;RS;8925696924.0;2975232308.0;1351826960.21;3
UNIMED BARBACENA - COOPERATIVA DE TRABALHO MÃDICO LTDA;MG;8819379329.0;2939793109.67;1305729619.63;3
UNIMED VALE DAS ANTAS, RS - COOPERATIVA DE ASSISTÃNCIA Ã SAÃDE LTDA.;RS;8762701094.0;2920900364.67;1096545168.9;3
UNIMED REGIONAL SUL GOIAS COOP. DE TRABALHO MÃDICO LTDA;GO;8728222619.0;2909407539.67;840808225.98;3
UNIMED ERECHIM - COOPERATIVA DE SERVIÃOS DE SAÃDE LTDA.;RS;8719226199.0;2906408733.0;1017578612.62;3
PLANO DE SAUDE ASES LTDA.;RJ;8625531269.0;2875177089.67;1203596492.76;3
AMAZÃNIA PLANOS DE SAÃDE LTDA;PA;8556116105.0;2852038701.67;1101461013.78;3
LEADER ASSISTÃNCIA MÃDICA E HOSPITALAR LTDA.;SP;8539428778.0;2846476259.33;1043932699.44;3
INSTITUIÃÃO BENEFICENTE CEL MASSOT - IBCM;RS;8438799815.0;2812933271.67;1326228413.06;3
UNIMED SÃO LOURENÃO COOPERATIVA DE TRABALHO MÃDICO;MG;8421479686.0;2807159895.33;1126295932.61;3
UNIMED TRÃS RIOS COOPERATIVA DE TRABALHO MÃDICO;RJ;8214698471.0;2738232823.67;1285493667.04;3
IRMANDADE DA SANTA CASA DE MISERICÃRDIA DE PASSOS;MG;8193472606.0;2731157535.33;1315950837.46;3
UNIMED NOROESTE DO PARANÃ COOP DE TRABALHO MÃDICO .;PR;8140973653.0;2713657884.33;800348785.03;3
UNIMED VALE DO AÃO COOPERATIVA DE TRABALHO MÃDICO;MG;8130850605.0;4065425302.5;1808394866.5;2
UNIMED LAVRAS COOPERATIVA DE TRABALHO MÃDICO;MG;8037945350.0;2679315116.67;1109284118.99;3
UNIMED COSTA VERDE RJ;RJ;7963350759.0;2654450253.0;1013490101.88;3
UNIMED ITAÃNA COOPERATIVA DE TRABALHO MÃDICO LTDA.;MG;7955130769.0;2651710256.33;1352055257.72;3
DENTAL UNI - COOPERATIVA ODONTOLÃGICA;PR;7912831167.0;2637610389.0;1503665172.34;3
ASSOCIAÃÃO DOS AUDITORES FISCAIS DO ESTADO DA PARAÃBA - AFRAFEP;PB;7856742302.0;2618914100.67;1102852650.74;3
IRMANDADE DE MISERICÃRDIA DO HOSPITAL DA SANTA CASA DE MONTE ALTO;SP;7842393096.0;2614131032.0;907601843.69;3
UNIMED DE PIRASSUNUNGA COOPERATIVA DE TRABALHO MÃDICO;SP;7785360020.0;2595120006.67;1197396206.84;3
UNIMED INTRAFEDERATIVA FEDERAÃÃO REGIONAL SUL DE MINAS;MG;7778283079.0;2592761026.33;1108119524.9;3
COOPERATIVA DE TRABALHO MEDICO DE ARAGUAÃNA - UNIMED ARAGUAÃNA;TO;7759549183.0;2586516394.33;1049785723.85;3
UNIMED MURIAÃ COOPERATIVA DE TRABALHO MEDICO LTDA;MG;7688121755.0;2562707251.67;1160787540.68;3
MAIS SAÃDE PLANO DE SAÃDE LTDA;GO;7627020163.0;2542340054.33;1162587132.9;3
SAMOC S.A. - SOCIEDADE ASSISTENCIAL MÃDICA E ODONTO CIRÃRGICA;RJ;7606182139.0;2535394046.33;755226236.2;3
SANTA CASA DE MISERICÃRDIA DE VOTUPORANGA;SP;7544560889.0;2514853629.67;1074844030.62;3
UNITY SERVIÃOS INTEGRADOS DE SAÃDE LTDA.;DF;7469555913.0;2489851971.0;1262226692.7;3
SAÃDE BRASIL ASSISTÃNCIA MÃDICA LTDA.;SP;7450843072.0;2483614357.33;1097932009.01;3
CAIXA DE ASSISTÃNCIA AOS MEMBROS DA DEFENSORIA PÃBLICA DO ESTADO DO RIO DE JANEIRO;RJ;7270572944.0;2423524314.67;1536386340.59;3
OPERADORA DE PLANOS PRIVADOS DE SAÃDE - SANTA CASA SAÃDE LTDA;MS;7234707954.0;2411569318.0;1036200197.0;3
CAIXA DE ASSISTÃNCIA DOS FUNCIONÃRIOS DO BANCO DA AMAZÃNIA - CASF;PA;7205403615.0;2401801205.0;1659298972.31;3
GS PLANO GLOBAL DE SAÃDE LTDA;RJ;7115835906.0;2371945302.0;985814880.32;3
ASSOCIAÃÃO FUNDO DE PROTEÃÃO Ã SAÃDE;PR;6980547359.0;2326849119.67;1512660594.06;3
ASSOCIAÃÃO DO FISCO DE ALAGOAS;AL;6972567460.0;2324189153.33;1114504511.2;3
ANAFE SAUDE;GO;6972552385.0;2324184128.33;1604594469.97;3
CAIXA DE ASSISTÃNCIA DOS EMPREGADOS DO BANEB;BA;6939599435.0;2313199811.67;986115467.0;3
UNIMED SUDOESTE DE MINAS COOPERATIVA DE TRABALHO MÃDICO;MG;6938742435.0;2312914145.0;1164307574.29;3
UNIMED NORTE DO PARANÃ COOPERATIVA REGIONAL DE TRABALHO MÃDICO;PR;6852640412.0;2284213470.67;926341129.33;3
MÃTUA DOS MAGISTRADOS DO ESTADO DO RIO DE JANEIRO;RJ;6815458458.0;2271819486.0;1027245992.04;3
UNIMED DE BIRIGUI - COOPERATIVA DE TRABALHO MÃDICO;SP;6622991073.0;2207663691.0;941059414.67;3
UNIMED ARAGUARI COOPERATIVA DE TRABALHO MÃDICO;MG;6568992927.0;2189664309.0;916663766.56;3
CONFERÃNCIA SÃO JOSÃ DO AVAÃ;RJ;6566184486.0;2188728162.0;1300199294.72;3
UNIMED-RIO COOPERATIVA DE TRABALHO MEDICO DO RIO DE JANEIRO;RJ;6548061935.0;6548061935.0;0.0;1
COOPERATIVA DE TRABALHO MÃDICO DO PLANALTO NORTE DE SANTA CATARINA LTDA;SC;6491612703.0;2163870901.0;794356490.39;3
UNIMED VALE DO JAURU COOPERATIVA DE TRABALHO MÃDICO;MT;6475259518.0;2158419839.33;736134723.17;3
UNIMED GURUPI COOPERATIVA DE TRABALHO MÃDICO;TO;6391398858.0;2130466286.0;1034946643.64;3
BRASILDENTAL OPERADORA DE PLANOS ODONTOLÃGICOS S.A.;SP;6356371997.0;2118790665.67;913503332.35;3
UNIMED DE SOBRAL SOCIEDADE COOPERATIVA MÃDICA LTDA;CE;6335278018.0;2111759339.33;1147101052.14;3
UNIMED DE ANDRADINA - COOPERATIVA DE TRABALHO MÃDICO;SP;6286974489.0;2095658163.0;981651380.3;3
UNIMED ITUIUTABA COOPERATIVA TRABALHO MÃDICO LTDA.;MG;6223581290.0;2074527096.67;988441209.49;3
FUNDAÃÃO FILANTRÃPICA E BENEFICENTE DE SAÃDE ARNALDO GAVAZZA FILHO;MG;6085600754.0;2028533584.67;842150029.53;3
SISTEMAS E PLANOS DE SAÃDE LTDA.;SP;6045895125.0;2015298375.0;1013025398.77;3
UNIMED DE CAPIVARI -COOPERATIVA DE TRABALHO MÃDICO;SP;6025492410.0;2008497470.0;860331907.85;3
UNIMED DE MANAUS COOP. DO TRABALHO MÃDICO LTDA;AM;5992722998.0;1997574332.67;656886710.49;3
UNIMED CAÃADOR COOPERATIVA DE TRABALHO MÃDICO DA REGIÃO DO CONTESTADO;SC;5986943286.0;1995647762.0;795977092.52;3
UNIMED ALTO DA SERRA - SOCIEDADE COOPERATIVA DE SERVIÃO MÃDICO LTDA.;RS;5952161068.0;1984053689.33;577010748.88;3
UNIODONTO DE CAMPINAS COOPERATIVA ODONTOLÃGICA;SP;5950465021.0;1983488340.33;886495456.93;3
UNIMED DE AVARÃ COOPERATIVA DE TRABALHO MÃDICO;SP;5890439553.0;1963479851.0;715816054.87;3
AMEP FREGUESIA OPERADORA DE PLANO DE SAUDE LTDA;RJ;5857538220.0;1952512740.0;800930962.59;3
UNIMED TRÃS CORAÃÃES COOPERATIVA DE TRABALHO MÃDICO LTDA.;MG;5795244452.0;1931748150.67;885882453.84;3
PREVIDENT ASSISTÃNCIA ODONTOLÃGICA S.A;SP;5727375093.0;1909125031.0;792815411.41;3
UNIMED DE GUARATINGUETA-COOPERATIVA DE TRABALHO MÃDICO;SP;5522461601.0;1840820533.67;775714464.81;3
UNIMED MARQUES DE VALENÃA COOPERATIVA DE TRABALHO MÃDICO LTDA.;RJ;5502116919.0;1834038973.0;1009481242.93;3
UNIMED PONTAL DO TRIÃNGULO - COOPERATIVA DE TRABALHO MÃDICO;MG;5415747730.0;1805249243.33;741948144.35;3
INTERMEDICI PIRACICABA ASSISTENCIA MEDICA LTDA;SP;5378679070.0;1792893023.33;514430071.52;3
FUNDAÃÃO DE ASSISTÃNCIA Ã SAÃDE DA ASSOCIAÃÃO DO MINISTÃRIO PÃBLICO DO RIO GRANDE DO SUL;RS;5355234496.0;1785078165.33;733217352.43;3
UNIMED DE SAO JOSÃ DO RIO PARDO-COOP. DE TRAB. MÃDICO;SP;5336996742.0;1778998914.0;885608614.72;3
CAIXA DE ASSISTÃNCIA DOS EMPREGADOS DO BANESE;SE;5314823140.0;1771607713.33;732578689.09;3
UNIODONTO DE SÃO JOSÃ DOS CAMPOS COOPERATIVA DE TRABALHO ODONTOLÃGICO;SP;5288811220.0;1762937073.33;741969037.43;3
SF SISTEMAS DE SAÃDE LTDA;SP;5286189288.0;1762063096.0;877763748.25;3
UNIMED GUAXUPÃ COOPERATIVA DE TRABALHO MEDICO;MG;5252586707.0;1750862235.67;661738517.63;3
TERRAMAR ADMINISTRADORA DE PLANO DE SAUDE LTDA;BA;5246229704.0;1748743234.67;823332696.8;3
UNIMED FRUTAL COOPERATIVA DE TRABALHO MEDICO LTDA;MG;5245764012.0;1748588004.0;625338362.97;3
ASSOCIAÃÃO PARANAENSE DE ASSISTÃNCIA Ã SAUDE DOS MEMBROS DO MINISTERIO PUBLICO DO PARANÃ;PR;5208501869.0;1736167289.67;794144624.74;3
POLI SAUDE OPERADORA DE PLANO DE SAUDE LTDA;PR;5197200033.0;1732400011.0;684447667.99;3
IRMANDADE DE MISERICORDIA DE PORTO FERREIRA;SP;5179408826.0;1726469608.67;1436931922.03;3
UNIMED REGIÃO DA PRODUÃÃO/RS - COOPERATIVA DE ASSISTÃNCIA Ã SAÃDE LTDA;RS;5171536139.0;1723845379.67;763841789.2;3
ASSOCIAÃÃO PLANO DE SAÃDE SANTA CASA DE VALINHOS;SP;5097258669.0;1699086223.0;737133679.89;3
UNIMED NOROESTE FLUMINENSE - COOPERATIVA DE TRABALHO MÃDICO LTDA;RJ;5010162091.0;1670054030.33;694443676.83;3
ASSOCIAÃÃO DOS AUDITORES FISCAIS DA RECEITA ESTADUAL DO RIO DE JANEIRO;RJ;5000815492.0;1666938497.33;682763118.86;3
UNIMED VALE DO URUCUIA - COOPERATIVA DE TRABALHO MEDICO LTDA;MG;4933212841.0;1644404280.33;706695604.65;3
UNIMED DE IBITINGA COOPERATIVA DE TRABALHO MÃDICO;SP;4899611915.0;1633203971.67;666394885.22;3
UNIMED DE TAUBATÃ COOPERATIVA DE TRABALHO MÃDICO;SP;4878167181.0;1626055727.0;449064838.2;3
UNIMED ALTO JACUÃ/RS - COOPERATIVA DE ASSISTÃNCIA Ã SAÃDE LTDA;RS;4840420238.0;1613473412.67;626834896.58;3
UNIMED VILHENA - COOPERATIVA DE TRABALHO MEDICO LTDA;RO;4784811806.0;1594937268.67;1210901489.5;3
UNIMED NOROESTE DE MINAS COOPERATIVA DE TRABALHO MEDICO LTDA;MG;4784447036.0;1594815678.67;807137019.88;3
FILOSANITAS SAUDE LTDA;SP;4738047674.0;1579349224.67;724257146.79;3
PLAMER PLANO MEDICO RESENDE LTDA;RJ;4671127928.0;1557042642.67;542013972.18;3
SOCIEDADE BENEFICENTE DEZOITO DE JULHO;MG;4624565762.0;1541521920.67;668499551.1;3
ASSOCIAÃÃO POLICIAL DE ASSISTÃNCIA Ã SAÃDE DE RIBEIRÃO PRETO (APAS);SP;4563166169.0;1521055389.67;1046436495.3;3
ASSOCIAÃÃO SAÃDE CONCEIÃÃO;SC;4544809313.0;1514936437.67;673136665.65;3
UNIMED VALE DO PIQUIRI-COOPERATIVA DE TRABALHO MÃDICO VALE DO PIQUIRI;PR;4491224535.0;1497074845.0;651392705.05;3
FUNDACAO CAPITAL PREVIDENCIA E SAUDE - CAPITAL PREV;ES;4409143116.0;2204571558.0;723403956.0;2
UNIMED PATOS - COOPERATIVA DE TRABALHO MÃDICO;PB;4374156579.0;1458052193.0;755624575.02;3
ASSOCIAÃÃO POLICIAL DE ASSISTÃNCIA Ã SAÃDE DE ARAÃATUBA (APAS);SP;4361920124.0;1453973374.67;594762728.66;3
ASSOCIAÃÃO POLICIAL DE ASSISTÃNCIA A SAÃDE DA BAIXADA SANTISTA;SP;4202073148.0;1400691049.33;561284286.1;3
UNIMED DE REGISTRO COOPERATIVA DE TRABALHO MÃDICO;SP;4175648821.0;1391882940.33;661213487.8;3
UNIMED NORTE PAULISTA - COOPERATIVA DE TRABALHO MÃDICO;SP;4155070736.0;1385023578.67;639561205.02;3
UNIMED PLANALTO CENTRAL/RS - COOPERATIVA DE ASSISTÃNCIA  Ã SAÃDE LTDA.;RS;4150124932.0;1383374977.33;652141063.98;3
SV SAUDE ADMINSTRADORES DE PLANO DE SAUDE LTDA;RJ;4088958810.0;1362986270.0;618300522.05;3
PRONTOCLINICA E HOSPITAIS SAO LUCAS S/A;MG;4045445051.0;1348481683.67;652328389.44;3
ADVANCE PLANOS DE SAÃDE LTDA;SP;4018957880.0;1339652626.67;516784563.17;3
UNIMED REGIONAL DE FLORIANO - COOPERATIVA DE TRABALHO MÃDICO;PI;3976428798.0;1325476266.0;512788484.46;3
UNIMED DE UBA COOPERATIVA DE TRABALHO MEDICO;MG;3973123452.0;1324374484.0;655181020.57;3
UNIMED DE DRACENA - COOPERATIVA DE TRABALHO MÃDICO;SP;3968774270.0;1322924756.67;634619909.99;3
UNIMED ALTO SÃO FRANCISCO COOPERATIVA DE TRABALHO MÃDICO;MG;3893547874.0;1297849291.33;388907140.62;3
UNIMED ITAJUBA COOPERATIVA DE TRABALHO MEDICO;MG;3870727556.0;1290242518.67;751031408.11;3
ALLIANZ SAÃDE S/A;SP;3769010702.0;1256336900.67;501711958.87;3
ASSOCIAÃÃO GOIANA DO MINISTÃRIO PÃBLICO;GO;3765800834.0;1255266944.67;457434262.95;3
SANTA CASA DE MISERICORDIA HOSPITAL SÃO VICENTE;SP;3758085565.0;1252695188.33;808224870.36;3
TRINO - ALIANCA FILANTRÃPICA DE ASSISTÃNCIA E INTEGRAÃÃO PARA O DESENVOLVIMENTO DA SAUDE;ES;3741550029.0;1247183343.0;890596735.02;3
ATÃVIA SERVIÃOS DE SAÃDE S/A;SP;3717195378.0;1858597689.0;326348678.0;2
COOPERATIVA DOS USUÃRIOS DE SERVIÃOS DE SAÃDE DO VALE DO RIO DOS SINOS LTDA;RS;3712517940.0;1237505980.0;487847474.31;3
BIO SAÃDE SERVIÃOS MÃDICOS LTDA;SP;3694746165.0;1231582055.0;449379552.68;3
PESSOAL SAÃDE PLANOS DE ASSISTÃNCIA MÃDICA LTDA;SP;3650212628.0;1216737542.67;515815176.55;3
PB ASSISTENCIA MEDICA EU LTDA;BA;3591382001.0;1197127333.67;697087210.33;3
UNIMED CATAGUASES COOPERATIVA DE TRABALHO MÃDICO LTDA;MG;3581279697.0;1193759899.0;416857952.71;3
UNIMED CARATINGA - COOPERATIVA DE TRABALHO MÃDICO LTDA;MG;3571349522.0;1190449840.67;472411807.53;3
ASSOCIAÃÃO VALEPARAIBANA DE ASSISTÃNCIA MÃDICA POLICIAL;SP;3497416034.0;1165805344.67;388963670.46;3
IRMANDADE DA SANTA CASA DE MISERICÃRDIA E MATERNIDADE DONA ZILDA SALVAGNI;SP;3475862857.0;1158620952.33;391529184.3;3
UNIMED TRÃS PONTAS - COOPERATIVA DE TRABALHO MÃDICO;MG;3470516597.0;1156838865.67;500503868.86;3
PLANO ODONTOLÃGICO DENTALVIDAS LTDA.;SP;3456435887.0;1152145295.67;746225140.97;3
COOPERATIVA DOS USUÃRIOS DE SERVIÃOS DE SAÃDE LTDA.;RS;3433267100.0;1144422366.67;568951221.97;3
EVANGELICO SAUDE LTDA.;PR;3411354025.0;1137118008.33;672176488.14;3
ASSOCIACAO DOS PROFESSORES UNIVERSITÃRIOS DA BAHIA;BA;3322274907.0;1107424969.0;451690485.91;3
UNIMED DE CORUMBA COOPERATIVA DE TRABALHO MÃDICO;MS;3306453339.0;1102151113.0;518759609.83;3
UNIMED SÃO SEBASTIÃO DO PARAÃSO COOPERATIVA DE TRABALHO MÃDICO;MG;3232060008.0;1077353336.0;573304023.51;3
UNIMED DE ADAMANTINA-COOPERATIVA DE TRABALHO MÃDICO;SP;3201038524.0;1067012841.33;407354331.11;3
UNIMED LEOPOLDINA COOPERATIVA DE TRABALHO MÃDICO LTDA;MG;3196790490.0;1065596830.0;588926396.97;3
UNIODONTO REGIONAL COOPERATIVA ODONTOLOGICA;MG;3183723140.0;1061241046.67;474514032.23;3
UNIMED CACERES COOPERATIVA DE TRABALHO MÃDICO;MT;3167612467.0;1055870822.33;470972732.25;3
HOSPITAL DE PRONTOCLINICA LTDA.;RS;3146707504.0;1048902501.33;437761589.0;3
CAIXA DE ASSISTÃNCIA DOS MAGISTRADOS DE PERNAMBUCO;PE;3101081890.0;1033693963.33;630810824.34;3
UNIMED REGIÃO DA CAMPANHA/RS - COOPERATIVA DE ASSISTÃNCIA Ã SAÃDE LTDA.;RS;3097825118.0;1032608372.67;326963204.65;3
ASSOCIAÃÃO SANTA CASA CLÃNICAS DE BIRIGUI;SP;3086390039.0;1028796679.67;753552783.06;3
UNIX SAÃDE S.A;BA;3073322296.0;1024440765.33;299432863.44;3
ASSOCIAÃAO UNISAUDE MARAU;RS;3006606793.0;1002202264.33;409677377.21;3
AMPARA ASSISTÃNCIA MÃDICA PARAÃSO LTDA;MG;2978126702.0;992708900.67;473003556.55;3
SOCIEDADE PORTUGUESA DE BENEFICÃNCIA;RS;2956365850.0;985455283.33;683439558.94;3
SANTA CASA DE MISERICÃRDIA E BENEFICÃNCIA PORTUGUESA;SP;2949782442.0;983260814.0;566414600.99;3
UNIDENTIS ASSISTENCIA ODONTOLOGICA LTDA.;PB;2919606420.0;973202140.0;399426598.66;3
FUNDAÃAO COMPESA DE PREVIDENCIA E ASSISTENCIA - COMPESAPREV;PE;2916979991.0;972326663.67;463715137.88;3
UNIMED VALE DO CORUMBÃ COOPERATIVA DE TRABALHO MEDICO;GO;2890805408.0;963601802.67;319004372.0;3
FEDERAÃÃO DAS SOCIEDADES COOPERATIVAS DE TRABALHO MÃDICO DO ACRE, AMAPÃ, AMAZONAS, PARÃ, RONDONIA E RORAIMA;AM;2852934298.0;2852934298.0;0.0;1
SANTA CASA DE SAÃDE - SCS;ES;2847830856.0;949276952.0;458995996.4;3
UNIMED VERTENTE DO CAPARAÃ - COOPERATIVA DE TRABALHO MÃDICO LTDA;MG;2821754170.0;940584723.33;310784131.09;3
UNIMED VIÃOSA - COOPERATIVA DE TRABALHO MÃDICO;MG;2816111491.0;938703830.33;528084114.46;3
FUNASA SAÃDE;PB;2790712939.0;930237646.33;499217169.98;3
ASSOCIACAO POLICIAL DE ASSISTENCIA A SAUDE DE PRESIDENTE PRUDENTE (APAS);SP;2755378105.0;918459368.33;409540772.57;3
UNIMED CAJAZEIRAS - SOCIEDADE COOPERATIVA DE TRABALHO MÃDICO;PB;2726382308.0;908794102.67;388563527.57;3
CARE PLUS ODONTOLOGIA ASSISTENCIAL LTDA.;SP;2723865251.0;907955083.67;615208190.49;3
AURORA SAÃDE LTDA;MG;2711486263.0;903828754.33;547155319.98;3
TOTAL ASSISTÃNCIA MÃDICA HOSPITALAR LTDA;MG;2707909723.0;902636574.33;681474702.36;3
UNIMED DE JATAÃ COOPERATIVA DE TRABALHO MÃDICO LTDA.;GO;2651319574.0;883773191.33;423895019.94;3
UNIODONTO PORTO ALEGRE COOPERATIVA ODONTOLOGICA LTDA;RS;2637371302.0;879123767.33;383297669.78;3
UNIODONTO PIRACICABA - COOPERATIVA ODONTOLÃGICA;SP;2626092047.0;875364015.67;341559913.82;3
AME VVIDA PLANOS DE SAUDE INTEGRADO LTDA.;RO;2556285921.0;852095307.0;715069110.88;3
UNIODONTO MACEIÃ COOPERATIVA ODONTOLÃGICA;AL;2542673291.0;847557763.67;599557031.78;3
UNIODONTO BELÃM - COOPERATIVA DE ASSISTÃNCIA Ã SAÃDE ODONTOLÃGICA;PA;2520081212.0;840027070.67;378038329.26;3
UNIMED DE TUPA COOPERATIVA DE TRABALHO MÃDICO;SP;2497550541.0;832516847.0;227894398.57;3
UNIMED PONTE NOVA COOPERATIVA DE TRABALHO MEDICO LTDA;MG;2431658478.0;810552826.0;367053450.86;3
ASSOCIAÃÃO DOS EMPREGADOS DA COMPANHIA ESTADUAL DE HABITAÃÃO E OBRAS PÃBLICAS - ASSEC;SE;2426439914.0;808813304.67;507844408.07;3
UNIMED DE MONTE ALTO - COOPERATIVA DE TRABALHO MÃDICO;SP;2404030790.0;801343596.67;383438507.73;3
RIO DOCE SAÃDE;ES;2376110685.0;792036895.0;367650742.53;3
UNIMED DE MOCOCA COOPERATIVA DE TRAB. MÃDICO;SP;2338453421.0;779484473.67;387381222.65;3
UNIMED OESTE DO PARÃ - COOPERATIVA DE TRABALHO MÃDICO;PA;2335610584.0;778536861.33;547223792.68;3
UNIMED DE MINEIROS COOPERATIVA DE TRABALHO MÃDICO;GO;2317594515.0;772531505.0;339965089.59;3
UNIMED DO OESTE DA BAHIA COOPERATIVA DE TRABALHO MÃDICO;BA;2311771379.0;770590459.67;308384479.37;3
UNIMED DE BARRETOS COOPERATIVA DE TRABALHO MÃDICO;SP;2307967560.0;769322520.0;379273604.6;3
UNIMED DE PENAPOLIS - COOPERATIVA DE TRABALHO MEDICO;SP;2265854681.0;755284893.67;416501098.4;3
ASSOCIAÃÃO DOS FUNCIONÃRIOS DO FISCO DO ESTADO DE GOIÃS;GO;2260335299.0;753445099.67;310780217.45;3
MAIS SAUDE S/A;ES;2242137666.0;1121068833.0;225349159.0;2
ON MED ASSISTÃNCIA MÃDICA LTDA;RS;2228776695.0;742925565.0;458334356.3;3
R.M.I. OPERADORA DE SAÃDE INTEGRADA LTDA;SP;2202131766.0;1101065883.0;240493979.0;2
ODONTO EMPRESAS CONVENIOS DENTARIOS LTDA.;SP;2201566416.0;733855472.0;320637383.93;3
FUNDAÃÃO PLAMHUV - PLANO MÃDICO HOSPITALAR DOS HOSPITAIS UNIDOS DE VIÃOSA;MG;2194567842.0;731522614.0;346390769.02;3
UNIODONTO DE JOÃO PESSOA COOPERATIVA ODONTOLÃGICA;PB;2170282272.0;723427424.0;270749253.36;3
CAIXA DE ASSISTÃNCIA Ã SAÃDE DOS TRABALHADORES NAS INDÃSTRIAS METALÃRGICAS, MECÃNICAS E DO MATERIAL ELÃTRICO DE BRUSQUE;SC;2148041627.0;716013875.67;318623920.36;3
ATITUDE SAÃDE ASSISTÃNCIA MEDICA LTDA;BA;2128395307.0;709465102.33;219680286.37;3
UNIMED VALE DO CARANGOLA COOPERATIVA DE TRABALHO MEDICO LTDA;MG;2112963968.0;704321322.67;314907174.68;3
DESBAN - FUNDAÃÃO BDMG DE SEGURIDADE SOCIAL;MG;2095740278.0;698580092.67;325107106.85;3
UNIMED REGIONAL DE PICOS - COOPERATIVA DE TRABALHO MÃDICO;PI;2083779326.0;694593108.67;298107601.91;3
CAIXA DE ASSISTÃNCIA DO SINDFISCO - CASSIND;SE;2080391515.0;693463838.33;777660400.81;3
ODONTOGROUP SISTEMA DE SAÃDE LTDA.;DF;2073810991.0;691270330.33;313740004.77;3
VIVENTERIS LTDA;PR;2008844900.0;669614966.67;272380417.93;3
UNIODONTO DE MANAUS - COOPERATIVA ODONTOLÃGICA LTDA.;AM;1986440367.0;662146789.0;229012935.53;3
NACIONAL ODONTO OPERADORA DE PLANOS ODONTOLÃGICOS LTDA.;PE;1982682617.0;660894205.67;510790888.73;3
ASSOCIACAO DE SAUDE HOLAMBRA;SP;1980433903.0;660144634.33;302494504.33;3
ANGELI SISTEMAS DE SAUDE S.A.;PR;1925348092.0;641782697.33;289306833.98;3
ASSOCIAÃÃO DOS FUNCIONÃRIOS FISCAIS DO ESTADO DO AMAZONAS - AFFEAM;AM;1902747174.0;634249058.0;322964723.52;3
VIDA TOP MAIS SAÃDE OPERADORA DE PLANOS DE SAÃDE LTDA.;SP;1877749861.0;625916620.33;301466305.58;3
HOSPITAL CESAR LEITE;MG;1782803285.0;594267761.67;305438167.0;3
ASSOCIAÃÃO POLICIAL DE ASSISTENCIA Ã SAUDE DE SAO JOAO DA BOA VISTA;SP;1743880579.0;581293526.33;253742255.44;3
UNIMED MACHADO COOPERATIVA DE TRABALHO MEDICO;MG;1731555112.0;577185037.33;184605562.23;3
HOSPITAL S.P. LTDA.;RS;1725460551.0;575153517.0;229966271.13;3
UNIODONTO/RN - COOPERATIVA ODONTOLOGICA DO RIO GRANDE DO NORTE;RN;1714898221.0;571632740.33;185433930.54;3
ASSOCIAÃÃO BENEFICENTE DOS PROFESSORES PÃBLICOS ATIVOS E INATIVOS DO RIO DE JANEIRO - APPAI;RJ;1697619138.0;565873046.0;254099456.28;3
CAIXA ASSISTENCIAL UNIVERSITARIA DO RIO DE JANEIRO;RJ;1683156655.0;561052218.33;386358371.14;3
UNIMED SÃO JOÃO NEPOMUCENO COOPERATIVA DE TRABALHO MÃDICO LTDA.;MG;1652042317.0;550680772.33;263768652.18;3
SUL DO PARÃ LTDA;PA;1645540597.0;548513532.33;370511367.38;3
UNIODONTO GOIANIA COOPERATIVA DE CIRURGIÃES DENTISTAS;GO;1627926083.0;542642027.67;234743820.76;3
UNIODONTO DE AMERICANA COOPERATIVA ODONTOLÃGICA;SP;1609862951.0;536620983.67;246650093.6;3
CONFIANÃA ASSISTÃNCIA MÃDICO HOSPITALAR LTDA;MG;1609772497.0;536590832.33;216377799.99;3
SISTEMA TOTAL DE SAÃDE LTDA.;SP;1604239978.0;534746659.33;223143256.12;3
ASSOCIAÃÃO POLICIAL DE ASSISTÃNCIA A SAÃDE;SP;1597430680.0;532476893.33;451784638.68;3
UNIMED CAMPO BELO- COOPERATIVA DE TRABALHO MÃDICO;MG;1576249368.0;525416456.0;256751934.15;3
PRONTO SOCORRO CONDE DE MOREIRA LIMA;SP;1526681273.0;508893757.67;228300897.52;3
ASSOCIAÃÃO BENEFICENTE CATÃLICA;MG;1526069662.0;508689887.33;228381569.47;3
PLANO ASSISTENCIAL SÃO LUCAS LTDA;MG;1489552510.0;496517503.33;194667886.82;3
FUNDO DE ASSISTÃNCIA Ã SAÃDE DOS FUNCIONÃRIOS DO BEC;CE;1454961241.0;484987080.33;214880237.42;3
MEDIC GLOBAL PLANOS DE SAÃDE LTDA.;MG;1447089054.0;482363018.0;242456374.16;3
UNIMED CALDAS NOVAS - COOPERATIVA DE TRABALHO MEDICO;GO;1413057884.0;471019294.67;203489141.54;3
UNIODONTO DE FORTALEZA COOPERATIVA DE TRABALHO ODONTOLOGICO LTDA;CE;1406082651.0;468694217.0;245148795.2;3
UNIMED ALFENAS COOPERATIVA DE TRABALHO MEDICO;MG;1390898707.0;463632902.33;201518740.39;3
ASSOCIACAO CIVIL PRÃ-SAÃDE DOS SERVIDORES DA UNIVERSIDADE ESTADUAL DE PONTA GROSSA;PR;1377229110.0;459076370.0;203953726.28;3
UNIMED SUDOESTE PAULISTA COOPERATIVA DE TRABALHO MÃDICO;SP;1369394468.0;456464822.67;166946077.71;3
PRIMA VIDA ODONTOLOGIA DE GRUPO LIMITADA;RJ;1363387759.0;454462586.33;250281867.93;3
ASSOCIACAO POLICIAL DE ASSISTENCIA A SAUDE DE ITAPETININGA;SP;1362915345.0;454305115.0;197118856.99;3
PORTOMED - PORTO SEGURO SERVIÃOS DE SAUDE LTDA;SP;1340685461.0;446895153.67;367167202.67;3
ORALE ASSISTÃNCIA ODONTOLÃGICA LTDA;BA;1335225106.0;445075035.33;182453551.15;3
CEDPLAN SAÃDE LTDA EPP;MG;1331020025.0;443673341.67;196160887.48;3
SANTA CASA DE MISERICÃRDIA DE TUPÃ;SP;1313039161.0;437679720.33;167374327.5;3
OPLAN SAÃDE OPERADORA DE PLANO DE SAÃDE LTDA;RJ;1310122987.0;436707662.33;195899125.27;3
VOCÃ TOTAL PLANOS DE SAÃDE LIMITADA;SP;1284064141.0;642032070.5;153220394.5;2
FUNDAÃÃO LIBERTAS DE SEGURIDADE SOCIAL;MG;1251003307.0;417001102.33;143596183.43;3
AME-ASSISTÃNCIA MÃDICA A EMPRESAS LTDA;MG;1247422570.0;415807523.33;225762679.37;3
UNIMED REGIÃO DA FRONTEIRA - RS COOPERATIVA DE ASSISTÃNCIA Ã SAÃDE LTDA.;RS;1226046575.0;408682191.67;203675156.32;3
UNIODONTO PAULISTA-FEDERAÃÃO DAS COOPERATIVAS ODONTOLÃGICAS DO ESTADO DE SÃO PAULO;SP;1223533916.0;407844638.67;185614515.98;3
PLAMESC PLANOS DE SAÃDE LTDA;RJ;1200807539.0;400269179.67;95756778.97;3
TELOS - FUNDAÃÃO EMBRATEL DE SEGURIDADE SOCIAL;RJ;1186121063.0;395373687.67;205310871.43;3
UNIODONTO DE SC COOPERATIVA ADMINISTRADORA DE CONTRATOS;SC;1150782174.0;383594058.0;168826300.54;3
SOCIEDADE DE ASSISTÃNCIA MÃDICA - SAMEISA;RS;1142823674.0;380941224.67;227783738.76;3
UNIODONTO DE SOROCABA COOPERATIVA ODONTOLÃGICA;SP;1142738294.0;380912764.67;162495138.12;3
ASSOCIAÃÃO UNIVIDA SANTA RITA DO PASSA QUATRO;SP;1134837700.0;378279233.33;183325339.72;3
SBC SAÃDE LTDA.;SP;1131757393.0;377252464.33;156396452.8;3
UNIMED MORRINHOS COOPERATIVA DE TRABALHO MEDICO;GO;1090597020.0;363532340.0;181817330.86;3
FUNDO DE ASSISTÃNCIA MÃDICO-HOSPITALAR DO MINISTÃRIO PÃBLICO;MS;1076989993.0;358996664.33;188628524.47;3
DONA SAÃDE CLINICAS LTDA;SP;1039065591.0;346355197.0;22256084.11;3
ASSOCIAÃÃO POLICIAL DE ASSISTÃNCIA Ã SAÃDE DE BARRETOS;SP;1019932713.0;339977571.0;137942782.29;3
CEAM BRASIL - PLANOS DE SAÃDE LTDA;MG;1019386357.0;1019386357.0;0.0;1
UNIODONTO VALE HISTORICO COOPERATIVA ODONTOLOGICA;SP;981843874.0;327281291.33;151577839.3;3
ASSOCIAÃÃO POLICIAL DE ASSISTÃNCIA Ã SAÃDE DE PRESIDENTE VENCESLAU;SP;981484402.0;327161467.33;137370834.41;3
COMSEDER - COOPERATIVA DE ASSISTÃNCIA MÃDICA DOS SERVIDORES DA SUPLAN E DO DER LTDA;PB;978218146.0;326072715.33;133966989.38;3
PLENUM ASSISTENCIA MEDICA  LTDA;DF;968578009.0;484289004.5;155439853.5;2
ASSOCIAÃÃO DOS SERVIDORES PÃBLICOS DA ADMINISTRAÃÃO DIRETA DO GOVERNO DO ESTADO DO PARÃ - ASPARÃ;PA;954576916.0;318192305.33;130722201.91;3
CARING SAÃDE ASSISTÃNCIA MÃDICA LTDA.;RJ;948768825.0;316256275.0;139798979.52;3
MEDGOLD ASSISTENCIA MEDICA LTDA - ME;MG;933314042.0;311104680.67;142310320.35;3
UNIODONTO DO BRASIL CENTRAL NACIONAL DAS COOPERATIVAS ODONTÃLOGICAS;SP;922659248.0;307553082.67;200016469.49;3
FEDERAÃÃO DAS COOP ODONTOLÃGICAS DO ESTADO DE SANTA CATARINA;SC;911704341.0;303901447.0;157041905.39;3
UNIODONTO DO SUL GOIANO COOPERATIVA ODONTOLOGICA;GO;910339315.0;303446438.33;122393212.49;3
UNIMED VALE DO PARAÃBA - FEDERAÃÃO INTRAFEDERATIVA DAS COOPERATIVAS MÃDICAS;SP;907313934.0;302437978.0;353843537.14;3
UNIMED SOUSA - COOPERATIVA DE TRABALHO MÃDICO;PB;887611680.0;295870560.0;115572771.04;3
PERSONAL CARE OPERADORA DE SAÃDE SA;SP;881216667.0;440608333.5;118400244.5;2
ASSOCIAÃÃO HOSPITAL SAÃDE DE VARGEM GRANDE DO SUL;SP;846555253.0;282185084.33;108336518.54;3
NOSAMED ASSISTÃNCIA MÃDICA LTDA.;SP;829033802.0;276344600.67;102945810.71;3
SEMPRE ODONTO PLANOS ODONTOLOGICOS LTDA;RJ;827381299.0;275793766.33;136362729.95;3
CAIXA BENEFICENTE DOS FUNCIONÃRIOS DO GRUPO IGUAÃU;PR;826763099.0;275587699.67;209443204.07;3
PRESERVE SAUDE ASSISTENCIA MEDICA LTDA;BA;826297175.0;275432391.67;107240439.12;3
UNIODONTO MARINGA COOPERATIVA ODONTOLOGICA;PR;821064169.0;273688056.33;119715676.79;3
ASSOCIAÃÃO POLICIAL DE ASSISTÃNCIA Ã SAÃDE DE DRACENA;SP;800029536.0;266676512.0;93984672.92;3
ASSOCIAÃÃO POLICIAL DE ASSISTÃNCIA Ã SAÃDE DE JAÃ;SP;769479855.0;256493285.0;93481478.39;3
PLANO VIDA SAUDE SERVIÃOS ODONTOLOGICOS LTDA;SE;752633846.0;250877948.67;119611342.72;3
ASSOCIAÃÃO POLICIAL DE ASSISTÃNCIA Ã SAÃDE APAS;SP;752620256.0;250873418.67;71184536.65;3
S1 OPERADORA DE PLANO DE SAÃDE LTDA;DF;749711054.0;249903684.67;305603302.01;3
SERVDONTO - PLANO DE ASSISTÃNCIA ODONTOLÃGICA LTDA;SE;730031859.0;243343953.0;145068944.76;3
ASSOCIAÃÃO POLICIAL DE ASSISTÃNCIA Ã SAÃDE - VALE DO RIBEIRA;SP;724799508.0;241599836.0;85599849.07;3
DENTAL CENTER LTDA;PB;715146248.0;238382082.67;100977767.01;3
AESP ODONTO ASSISTÃNCIA ODONTOLÃGICA S/S LTDA EPP;SP;705373499.0;235124499.67;110209031.92;3
DENTALPAR ASSISTÃNCIA ODONTOLÃGICA EMPRESARIAL LTDA.;SP;702828691.0;234276230.33;81077274.08;3
COOPERATIVA ODONTOLÃGICA DO ESTADO DO AMAPÃ;AP;691908325.0;230636108.33;105347266.44;3
CAMIM OPERADORA DE PLANO DE SAÃDE LTDA;RJ;684138225.0;228046075.0;92120704.91;3
PLANO DE ASSISTÃNCIA MÃDICA MINEIRA LTDA;MG;677044872.0;225681624.0;124349735.1;3
SAMIG - SERV. DE ASSISTENCIA MEDICA DA ILHA DO GOVERNADOR LTDA;RJ;668304984.0;222768328.0;60378925.21;3
MEDHEALTH PLANOS DE SAÃDE LTDA;PR;666624255.0;222208085.0;160184853.74;3
RODRIGUES LEIRA ODONTOLOGIA LTDA.;SP;641133472.0;213711157.33;111652422.87;3
DENTAL MASTER LTDA - EPP;AL;639980026.0;213326675.33;87583578.71;3
UNIODONTO DE PRESIDENTE PRUDENTE COOPERATIVA ODONTOLOGICA;SP;629861298.0;209953766.0;99205901.92;3
SANTA CASA DE MISERICÃRDIA E ASILO DOS POBRES DE BATATAIS;SP;606203405.0;202067801.67;81654848.28;3
ODONTOART PLANOS ODONTOLÃGICOS LTDA;CE;600971778.0;200323926.0;64030964.87;3
VALE PLANOS DE SAÃDE LTDA;PE;597499362.0;199166454.0;132474792.01;3
ASSOCIACAO DOS SERVIDORES DA EMDAGRO - ASSEM;SE;554328562.0;184776187.33;156990219.57;3
DENTAL PLUS CONVÃNIO ODONTOLÃGICO LTDA.;SP;543204483.0;181068161.0;80497754.75;3
BENEFICENCIA SOCIAL BOM SAMARITANO;MG;538944190.0;179648063.33;118971501.05;3
ASSOCIAÃÃO POLICIAL DE ASSISTENCIA A SAUDE DE BOTUCATU;SP;536099826.0;178699942.0;167607571.89;3
HSMED SAUDE LTDA;RJ;526884274.0;175628091.33;90408029.09;3
UNIODONTO RS FEDERACAO DAS UNIODONTOS DO RGS LTDA;RS;520156231.0;173385410.33;75154951.4;3
UNIODONTO DE SERTAOZINHO SP COOPERATIVA ODONTOLOGICA;SP;500784503.0;250392251.5;57517921.5;2
DENTAL GOLD ASSISTÃNCIA ODONTOLÃGICA LTDA.;PB;494670156.0;164890052.0;91377827.54;3
UNIODONTO DE JUNDIAÃ COOPERATIVA ODONTOLÃGICA;SP;492795041.0;164265013.67;59564649.72;3
ASSOCIAÃÃO SAÃDE RURAL ALEGRETE;RS;483709107.0;161236369.0;96314602.63;3
ODONT-OPERADORA ODONTOLOGICA LTDA;SP;477304518.0;159101506.0;47277162.04;3
YOU ASSISTÃNCIA MÃDICA LTDA.;MG;470116529.0;470116529.0;0.0;1
SD-M OPERADORA DE PLANOS DE SAUDE LTDA;RJ;468022749.0;156007583.0;135143148.18;3
ODONTOLIVE OPERADORA DE PLANOS ODONTOLÃGICOS LTDA.;SP;453187925.0;151062641.67;94135711.56;3
ASSOC DE ASSIST Ã SAÃDE DOS SERV DAS UNIV E INST FED, EST E/OU FAC PART EM PE;PE;450624771.0;150208257.0;49525156.83;3
COOPERATIVA DE TRABALHO ODONTOLOGICO - UNIODONTO ITAJUBÃ;MG;437548170.0;145849390.0;90057186.72;3
ASSOCIAÃÃO DOS SERVIDORES MUNICIPAIS, ESTADUAIS E FEDERAIS DO RIO DE JANEIRO;RJ;435185265.0;145061755.0;53720837.82;3
UNIMED DE BATATAIS - COOPERATIVA DE TRABALHO MÃDICO;SP;431659552.0;143886517.33;61891126.64;3
SALUSMED OPERADORA DE PLANOS DE SAUDE LTDA;SP;415977880.0;138659293.33;104676148.59;3
MH VIDA - OPERADORA DE PLANOS DE SAÃDE LTDA;RJ;415924823.0;138641607.67;120721023.82;3
ASSOCIAÃÃO PADRE PIO PLANOS DE SAÃDE;SP;412585767.0;137528589.0;55933887.9;3
ÃNIX OPERADORA DE PLANOS DE SAÃDE LTDA;RJ;409569600.0;136523200.0;67925295.27;3
SEPACO SAÃDE LTDA;SP;407158723.0;135719574.33;88476018.03;3
UNIODONTO JACAREÃ COOPERATIVA ODONTOLÃGICA;SP;392343031.0;130781010.33;39727022.86;3
UNIODONTO UBERABA - COOPERATIVA DE ASSISTÃNCIA Ã SAÃDE ODONTOLÃGICA LTDA;MG;390751735.0;130250578.33;28511613.1;3
ASSOCIAÃÃO SERVIÃOS ODONTOLÃGICOS DA INDÃSTRIA DE MINAS GERAIS - ODONTOINDUSTRIA;MG;389679172.0;129893057.33;58240304.66;3
UNIMED ALTO PARANAIBA COOPERATIVA DE TRABALHO MEDICO;MG;357593721.0;119197907.0;31671585.29;3
HEALTH-MED SISTEMA DE SAUDE LTDA;RJ;339910499.0;113303499.67;48026528.65;3
CAIXA SEGURADORA ESPECIALIZADA EM SAÃDE S/A;SP;338313548.0;112771182.67;61612650.02;3
QUALIDONTO - QUALIDADE EM ODONTOLOGIA LTDA;BA;334356650.0;111452216.67;56497769.75;3
PORTO DIAS SAUDE LTDA.;PA;320946072.0;106982024.0;97401003.64;3
UNIODONTO DE LONDRINA COOP. ODONTOLÃGICA;PR;313942832.0;104647610.67;48563009.88;3
PREVENT SENIOR CORPORATE OPERADORA DE SAÃDE LTDA.;SP;313474931.0;104491643.67;73569805.14;3
ODONTO SEG OPERADORA DE PLANOS ODONTOLOGICOS S.A.;SP;311304763.0;103768254.33;37841852.78;3
PD BRASIL ASSISTENCIA ODONTOLOGICA LTDA;MG;264754959.0;88251653.0;46065274.18;3
CENTRO DE ENDOCRINOLOGIA DE JUNDIAÃ S/S LTDA;SP;260498210.0;86832736.67;72738711.94;3
UNIODONTO DE PINDAMONHANGABA COOP ODONTOLOGICA;SP;256821484.0;85607161.33;35227764.25;3
ASSOCIAÃÃO DOS FISCAIS DE TRIBUTOS ESTADUAIS DO RS - AFISVEC;RS;247157551.0;82385850.33;47556875.35;3
BLUZZ SAÃDE S/A;ES;243265308.0;81088436.0;56906018.18;3
UNIMED NORTE/NORDESTE-FEDERAÃÃO INTERFEDERATIVA DAS SOCIEDADES COOPERATIVAS DE TRABALHO MÃDICO EM RECUPERAÃÃO JUDICIAL;PB;225618398.0;75206132.67;66465008.76;3
UNIODONTO DE ARARAQUARA COOPERATIVA ODONTOLÃGICA;SP;222984387.0;74328129.0;13074872.37;3
SAME-SERVIÃO DE ASSISTÃNCIA MÃDICA EMPRESARIAL LTDA.;MA;204942532.0;68314177.33;26787014.1;3
ODILE SERVIÃOS DE SAÃDE LTDA.;SP;189338161.0;63112720.33;26893994.84;3
SISTEMA PREVSAUDE DENTAL LTDA;CE;187286407.0;62428802.33;26747613.67;3
INNOVA PLANO DE SAUDE LTDA;RO;172350958.0;86175479.0;55430046.0;2
NOVODENTE S/A;RS;167119784.0;167119784.0;0.0;1
CROWN ODONTOLOGIA DE GRUPO LTDA;SP;164320391.0;54773463.67;24480124.05;3
HOSPITAL DE CARIDADE SÃO VICENTE DE PAULO;PR;161789329.0;53929776.33;3421713.28;3
INFINITY SAÃDE SUPLEMENTAR LTDA;MT;152055088.0;50685029.33;29782230.33;3
UNIODONTO ESPIRITO SANTO COOPERATIVA ODONTOLOGICA;ES;144239585.0;48079861.67;19821934.01;3
COOPERATIVA ODONTOLÃGICA POÃOS DE CALDAS;MG;140186093.0;46728697.67;21895544.42;3
PLANO DE ASSISTÃNCIA ODONTOLÃGICA FAUCHARD LTDA. ME;BA;116771998.0;38923999.33;18621705.88;3
PLAMEDH - PLANO DE ASSISTÃNCIA MÃDICO-HOSPITALAR LTDA;MG;96811957.0;48405978.5;9681195.5;2
ODONTO PRIME S/S LTDA;CE;93798575.0;31266191.67;13305920.29;3
BRASIL ODONTO OPERADORA DE PLANOS ODONTOLÃGICOS LTDA;TO;90262812.0;30087604.0;20695547.79;3
BEMSTAR ASSISTENCIA MEDICA LTDA;BA;87714748.0;29238249.33;7770992.09;3
ALMA ODONTO OPERADORA DE PLANOS ODONTOLOGICOS LTDA;SP;79265556.0;26421852.0;9896968.33;3
SANTA CASA DA MISERICÃRDIA DE SÃO JOÃO DEL REI;MG;76107713.0;25369237.67;16078567.46;3
PLANO SIGMA SAÃDE LTDA;SP;75853800.0;37926900.0;281471.0;2
POLIMÃDICA SAÃDE SOCIEDADE SIMPLES LTDA;RS;75327933.0;25109311.0;10309682.12;3
ASSISTÃNCIA MÃDICA 12 DE OUTUBRO LTDA;SP;69620541.0;23206847.0;11555382.22;3
SAUDIA ASSISTENCIA MÃDICA LTDA;MG;69106006.0;23035335.33;13217205.68;3
SMART CARE SISTEMAS MÃDICOS E ODONTOLÃGICOS LTDA.;SP;57292210.0;28646105.0;0.0;2
G & M ASSESSORIA MEDICA EMPRESARIAL LTDA;RJ;53226711.0;17742237.0;14722527.9;3
SORRIDEN CONVÃNIOS ODONTOLÃGICOS S.A.;SP;47934476.0;15978158.67;12157318.81;3
EXCELÃNCIA PLANO DE SAÃDE S/A;ES;29399862.0;14699931.0;11993950.0;2
UNIODONTO DE MATO GROSSO COOP TRAB ODONTOLOGICO LTDA;MT;24885436.0;8295145.33;4667182.58;3
CLÃNICA SÃO GABRIEL S/S LTDA;SP;20117070.0;6705690.0;3675242.11;3
CASA DE SAÃDE NOSSA SENHORA DE FÃTIMA  LTDA.;CE;18085670.0;6028556.67;2644806.96;3
LIVRI OPERADORA DE PLANO DE SAÃDE LTDA;SP;17221135.0;5740378.33;3552578.81;3
SAGRADA SAÃDE ASSISTÃNCIA MÃDICA LTDA;MG;11716813.0;3905604.33;3080105.4;3
SOCIODONTO PLANO DE ASSISTÃNCIA ODONTOLÃGICA LTDA;MG;6243493.0;3121746.5;2525202.5;2
CAIXA DE ASSISTÃNCIA DOS EMPREGADOS DO SETOR PÃBLICO DO ESTADO DE GOIÃS - CAEME;GO;3631038.0;1210346.0;777199.82;3
SAUDE SALV ASSISTENCIA MEDICA LTDA;RO;3571545.0;3571545.0;0.0;1
UNIMED PARAIBA - FEDERAÃAO DAS SOCIEDADES COOPERATIVAS DE TRABALHO MEDICO;PB;649559.0;216519.67;167559.29;3
ARL ADMINISTRADORA DE BENEFÃCIOS LTDA.;SP;56800.0;28400.0;0.0;2
